--ADMIN.DONVI
INSERT INTO ADMIN.DONVI (MADV, TENDV, TRGDV) VALUES ('VPK', N'Văn phòng khoa', NULL);
INSERT INTO ADMIN.DONVI (MADV, TENDV, TRGDV) VALUES ('HTTT', N'Bộ môn HTTT', NULL);
INSERT INTO ADMIN.DONVI (MADV, TENDV, TRGDV) VALUES ('CNPM', N'Bộ môn CNPM', NULL);
INSERT INTO ADMIN.DONVI (MADV, TENDV, TRGDV) VALUES ('KHMT', N'Bộ môn KHMT', NULL);
INSERT INTO ADMIN.DONVI (MADV, TENDV, TRGDV) VALUES ('CNTT', N'Bộ môn CNTT', NULL);
INSERT INTO ADMIN.DONVI (MADV, TENDV, TRGDV) VALUES ('TGMT', N'Bộ môn TGMT', NULL);
INSERT INTO ADMIN.DONVI (MADV, TENDV, TRGDV) VALUES ('MMT', N'Bộ môn MMT và Viễn thông', NULL);


--ADMIN.NHANSU
INSERT INTO ADMIN.NHANSU (MANV, HOTEN, PHAI, NGSINH, PHUCAP, DT, VAITRO, MADV, COSO) VALUES ('NV001', N'Nguyễn Trưởng Khoa','Nam', TO_DATE('1979-05-14', 'YYYY-MM-DD'), '4000000', '0123123456', N'Trưởng khoa', 'VPK', 'TT');
INSERT INTO ADMIN.NHANSU (MANV, HOTEN, PHAI, NGSINH, PHUCAP, DT, VAITRO, MADV, COSO) VALUES ('NV002', N'Nguyễn Thị Minh Châu',N'Nữ', TO_DATE('1985-07-10', 'YYYY-MM-DD'), '2000000', '0124123056', N'Trưởng đơn vị', 'CNPM', 'TT');
INSERT INTO ADMIN.NHANSU (MANV, HOTEN, PHAI, NGSINH, PHUCAP, DT, VAITRO, MADV, COSO) VALUES ('NV003', N'Phạm Văn Hùng','Nam', TO_DATE('1981-02-10', 'YYYY-MM-DD'), '2000000', '0129323056', N'Trưởng đơn vị', 'HTTT', 'TT');
INSERT INTO ADMIN.NHANSU (MANV, HOTEN, PHAI, NGSINH, PHUCAP, DT, VAITRO, MADV, COSO) VALUES ('NV004', N'Lê Thị Bích Ngọc',N'Nữ', TO_DATE('1987-12-01', 'YYYY-MM-DD'), '2000000', '0134133056', N'Trưởng đơn vị', 'KHMT', 'TT');
INSERT INTO ADMIN.NHANSU (MANV, HOTEN, PHAI, NGSINH, PHUCAP, DT, VAITRO, MADV, COSO) VALUES ('NV005', N'Trần Quang Khải','Nam', TO_DATE('1980-03-22', 'YYYY-MM-DD'), '2000000', '0324123046', N'Trưởng đơn vị', 'CNTT', 'TT');
INSERT INTO ADMIN.NHANSU (MANV, HOTEN, PHAI, NGSINH, PHUCAP, DT, VAITRO, MADV, COSO) VALUES ('NV006', N'Đỗ Thị Kim Liên',N'Nữ', TO_DATE('1986-04-10', 'YYYY-MM-DD'), '2000000', '0524123056', N'Trưởng đơn vị', 'TGMT', 'TT');
INSERT INTO ADMIN.NHANSU (MANV, HOTEN, PHAI, NGSINH, PHUCAP, DT, VAITRO, MADV, COSO) VALUES ('NV007', N'Vũ Văn Dũng','Nam', TO_DATE('1983-08-20', 'YYYY-MM-DD'), '2000000', '0174173056', N'Trưởng đơn vị', 'MMT', 'TT');


INSERT INTO ADMIN.NHANSU (MANV, HOTEN, PHAI, NGSINH, PHUCAP, DT, VAITRO, MADV, COSO) VALUES ('NV008', N'Bùi Thị Lan Anh',N'Nữ', TO_DATE('1990-05-17', 'YYYY-MM-DD'), '1000000', '0134133036', N'Giáo vụ', 'VPK', 'CS1');
INSERT INTO ADMIN.NHANSU (MANV, HOTEN, PHAI, NGSINH, PHUCAP, DT, VAITRO, MADV, COSO) VALUES ('NV009', N'Hoàng Văn Phú','Nam', TO_DATE('1995-09-22', 'YYYY-MM-DD'), '1000000', '0114131036', N'Giáo vụ', 'VPK', 'CS1');
INSERT INTO ADMIN.NHANSU (MANV, HOTEN, PHAI, NGSINH, PHUCAP, DT, VAITRO, MADV, COSO) VALUES ('NV010', N'Nguyễn Thị Thu Hà',N'Nữ', TO_DATE('1994-10-27', 'YYYY-MM-DD'), '1000000', '0934123036', N'Giáo vụ', 'VPK', 'CS1');
INSERT INTO ADMIN.NHANSU (MANV, HOTEN, PHAI, NGSINH, PHUCAP, DT, VAITRO, MADV, COSO) VALUES ('NV011', N'Phạm Thị Bảo Trâm',N'Nữ', TO_DATE('1999-01-07', 'YYYY-MM-DD'), '1000000', '0734133736', N'Giáo vụ', 'VPK', 'CS1');
INSERT INTO ADMIN.NHANSU (MANV, HOTEN, PHAI, NGSINH, PHUCAP, DT, VAITRO, MADV, COSO) VALUES ('NV012', N'Lê Minh Tuấn','Nam', TO_DATE('1997-02-03', 'YYYY-MM-DD'), '1000000', '0334183086', N'Giáo vụ', 'VPK', 'CS1');
INSERT INTO ADMIN.NHANSU (MANV, HOTEN, PHAI, NGSINH, PHUCAP, DT, VAITRO, MADV, COSO) VALUES ('NV013', N'Trần Thị Mỹ Linh',N'Nữ', TO_DATE('1998-03-13', 'YYYY-MM-DD'), '1000000', '0134133036', N'Giáo vụ', 'VPK', 'CS2');
INSERT INTO ADMIN.NHANSU (MANV, HOTEN, PHAI, NGSINH, PHUCAP, DT, VAITRO, MADV, COSO) VALUES ('NV014', N'Đặng Quốc Bảo','Nam', TO_DATE('1990-02-17', 'YYYY-MM-DD'), '1000000', '0234132036', N'Giáo vụ', 'VPK', 'CS2');
INSERT INTO ADMIN.NHANSU (MANV, HOTEN, PHAI, NGSINH, PHUCAP, DT, VAITRO, MADV, COSO) VALUES ('NV015', N'Phạm Thị Hồng Nhung',N'Nữ', TO_DATE('1992-07-02', 'YYYY-MM-DD'), '1000000', '0734733036', N'Giáo vụ', 'VPK', 'CS2');
INSERT INTO ADMIN.NHANSU (MANV, HOTEN, PHAI, NGSINH, PHUCAP, DT, VAITRO, MADV, COSO) VALUES ('NV016', N'Vũ Thị Thu Hương',N'Nữ', TO_DATE('1993-04-11', 'YYYY-MM-DD'), '1000000', '0114133936', N'Giáo vụ', 'VPK', 'CS2');
INSERT INTO ADMIN.NHANSU (MANV, HOTEN, PHAI, NGSINH, PHUCAP, DT, VAITRO, MADV, COSO) VALUES ('NV017', N'Trịnh Công Sơn','Nam', TO_DATE('1989-01-07', 'YYYY-MM-DD'), '1000000', '0135133136', N'Giáo vụ', 'VPK', 'CS2');

INSERT INTO ADMIN.NHANSU (MANV, HOTEN, PHAI, NGSINH, PHUCAP, DT, VAITRO, MADV, COSO) VALUES ('NV018', N'Nguyễn Hữu Thành','Nam', TO_DATE('1994-11-12', 'YYYY-MM-DD'), '1500000', '0174133536', N'Nhân viên cơ bản', 'VPK', 'CS1');
INSERT INTO ADMIN.NHANSU (MANV, HOTEN, PHAI, NGSINH, PHUCAP, DT, VAITRO, MADV, COSO) VALUES ('NV019', N'Lê Thị Mai Hương',N'Nữ', TO_DATE('2000-01-02', 'YYYY-MM-DD'), '1500000', '0374113536', N'Nhân viên cơ bản', 'VPK', 'CS2');
INSERT INTO ADMIN.NHANSU (MANV, HOTEN, PHAI, NGSINH, PHUCAP, DT, VAITRO, MADV, COSO) VALUES ('NV020', N'Trần Hoàng Nam','Nam', TO_DATE('1991-01-19', 'YYYY-MM-DD'), '1500000', '0374933536', N'Nhân viên cơ bản', 'HTTT', 'CS1');
INSERT INTO ADMIN.NHANSU (MANV, HOTEN, PHAI, NGSINH, PHUCAP, DT, VAITRO, MADV, COSO) VALUES ('NV021', N'Đỗ Thị Thủy Tiên',N'Nữ', TO_DATE('1999-12-09', 'YYYY-MM-DD'), '1500000', '0314931537', N'Nhân viên cơ bản', 'HTTT', 'CS2');
INSERT INTO ADMIN.NHANSU (MANV, HOTEN, PHAI, NGSINH, PHUCAP, DT, VAITRO, MADV, COSO) VALUES ('NV022', N'Phạm Văn Tài','Nam', TO_DATE('1989-11-04', 'YYYY-MM-DD'), '1500000', '0373933544', N'Nhân viên cơ bản', 'CNPM', 'CS1');
INSERT INTO ADMIN.NHANSU (MANV, HOTEN, PHAI, NGSINH, PHUCAP, DT, VAITRO, MADV, COSO) VALUES ('NV023', N'Bùi Thị Ngọc Bích',N'Nữ', TO_DATE('1997-07-22', 'YYYY-MM-DD'), '1500000', '0372933236', N'Nhân viên cơ bản', 'CNPM', 'CS2');
INSERT INTO ADMIN.NHANSU (MANV, HOTEN, PHAI, NGSINH, PHUCAP, DT, VAITRO, MADV, COSO) VALUES ('NV024', N'Hoàng Anh Dũng','Nam', TO_DATE('2001-04-20', 'YYYY-MM-DD'), '1500000', '0374933444', N'Nhân viên cơ bản', 'KHMT', 'CS1');
INSERT INTO ADMIN.NHANSU (MANV, HOTEN, PHAI, NGSINH, PHUCAP, DT, VAITRO, MADV, COSO) VALUES ('NV025', N'Võ Thị Thanh Tâm',N'Nữ', TO_DATE('1995-04-09', 'YYYY-MM-DD'), '1500000', '0374933765', N'Nhân viên cơ bản', 'KHMT', 'CS2');
INSERT INTO ADMIN.NHANSU (MANV, HOTEN, PHAI, NGSINH, PHUCAP, DT, VAITRO, MADV, COSO) VALUES ('NV026', N'Phan Thị Kim Oanh',N'Nữ', TO_DATE('1993-10-19', 'YYYY-MM-DD'), '1500000', '0374933226', N'Nhân viên cơ bản', 'TGMT', 'CS1');
INSERT INTO ADMIN.NHANSU (MANV, HOTEN, PHAI, NGSINH, PHUCAP, DT, VAITRO, MADV, COSO) VALUES ('NV027', N'Lương Thanh Bình','Nam', TO_DATE('1992-12-29', 'YYYY-MM-DD'), '1500000', '0374939752', N'Nhân viên cơ bản', 'MMT', 'CS2');

INSERT INTO ADMIN.NHANSU (MANV, HOTEN, PHAI, NGSINH, PHUCAP, DT, VAITRO, MADV, COSO) VALUES ('NV028', N'Nguyễn Thị Ánh Tuyết',N'Nữ', TO_DATE('1983-02-10', 'YYYY-MM-DD'), '2000000', '0334933651', N'Giảng viên', 'HTTT', 'CS2');
INSERT INTO ADMIN.NHANSU (MANV, HOTEN, PHAI, NGSINH, PHUCAP, DT, VAITRO, MADV, COSO) VALUES ('NV029', N'Lê Văn Minh','Nam', TO_DATE('1985-10-11', 'YYYY-MM-DD'), '2000000', '0334933694', N'Giảng viên', 'HTTT', 'CS1');
INSERT INTO ADMIN.NHANSU (MANV, HOTEN, PHAI, NGSINH, PHUCAP, DT, VAITRO, MADV, COSO) VALUES ('NV030', N'Trần Thị Thu Trang',N'Nữ', TO_DATE('1989-04-22', 'YYYY-MM-DD'), '2000000', '0334933341', N'Giảng viên', 'HTTT', 'CS2');
INSERT INTO ADMIN.NHANSU (MANV, HOTEN, PHAI, NGSINH, PHUCAP, DT, VAITRO, MADV, COSO) VALUES ('NV031', N'Phạm Quốc Tuấn','Nam', TO_DATE('1983-07-12', 'YYYY-MM-DD'), '2000000', '0334933333', N'Giảng viên', 'HTTT', 'CS1');
INSERT INTO ADMIN.NHANSU (MANV, HOTEN, PHAI, NGSINH, PHUCAP, DT, VAITRO, MADV, COSO) VALUES ('NV032', N'Đỗ Thị Hồng Phúc',N'Nữ', TO_DATE('1981-09-11', 'YYYY-MM-DD'), '2000000', '0334933901', N'Giảng viên', 'CNPM', 'CS2');
INSERT INTO ADMIN.NHANSU (MANV, HOTEN, PHAI, NGSINH, PHUCAP, DT, VAITRO, MADV, COSO) VALUES ('NV033', N'Vũ Minh Hoàng','Nam', TO_DATE('1980-01-12', 'YYYY-MM-DD'), '2000000', '0334996441', N'Giảng viên', 'CNPM', 'CS1');
INSERT INTO ADMIN.NHANSU (MANV, HOTEN, PHAI, NGSINH, PHUCAP, DT, VAITRO, MADV, COSO) VALUES ('NV034', N'Nguyễn Thị Phương Linh',N'Nữ', TO_DATE('1992-07-01', 'YYYY-MM-DD'), '2000000', '0334933390', N'Giảng viên', 'CNPM', 'CS2');
INSERT INTO ADMIN.NHANSU (MANV, HOTEN, PHAI, NGSINH, PHUCAP, DT, VAITRO, MADV, COSO) VALUES ('NV035', N'Hoàng Văn Bình','Nam', TO_DATE('1995-10-01', 'YYYY-MM-DD'), '2000000', '0334443399', N'Giảng viên', 'CNPM', 'CS1');
INSERT INTO ADMIN.NHANSU (MANV, HOTEN, PHAI, NGSINH, PHUCAP, DT, VAITRO, MADV, COSO) VALUES ('NV036', N'Bùi Thị Thanh Hoa',N'Nữ', TO_DATE('1989-04-22', 'YYYY-MM-DD'), '2000000', '0334933341', N'Giảng viên', 'KHMT', 'CS2');
INSERT INTO ADMIN.NHANSU (MANV, HOTEN, PHAI, NGSINH, PHUCAP, DT, VAITRO, MADV, COSO) VALUES ('NV037', N'Trịnh Thị Hạnh',N'Nữ', TO_DATE('1985-12-22', 'YYYY-MM-DD'), '2000000', '0334930751', N'Giảng viên', 'KHMT', 'CS1');
INSERT INTO ADMIN.NHANSU (MANV, HOTEN, PHAI, NGSINH, PHUCAP, DT, VAITRO, MADV, COSO) VALUES ('NV038', N'Phan Văn Sơn','Nam', TO_DATE('1987-05-14', 'YYYY-MM-DD'), '2000000', '0334933771', N'Giảng viên', 'KHMT', 'CS2');
INSERT INTO ADMIN.NHANSU (MANV, HOTEN, PHAI, NGSINH, PHUCAP, DT, VAITRO, MADV, COSO) VALUES ('NV039', N'Nguyễn Thị Ngọc Diệp',N'Nữ', TO_DATE('1984-12-05', 'YYYY-MM-DD'), '2000000', '0314933771', N'Giảng viên', 'KHMT', 'CS2');
INSERT INTO ADMIN.NHANSU (MANV, HOTEN, PHAI, NGSINH, PHUCAP, DT, VAITRO, MADV, COSO) VALUES ('NV040', N'Trần Văn Hải','Nam', TO_DATE('1993-09-03', 'YYYY-MM-DD'), '2000000', '0334996549', N'Giảng viên', 'TGMT', 'CS1');
INSERT INTO ADMIN.NHANSU (MANV, HOTEN, PHAI, NGSINH, PHUCAP, DT, VAITRO, MADV, COSO) VALUES ('NV041', N'Lê Thị Thu Phương',N'Nữ', TO_DATE('1990-09-12', 'YYYY-MM-DD'), '2000000', '0334991249', N'Giảng viên', 'TGMT', 'CS2');
INSERT INTO ADMIN.NHANSU (MANV, HOTEN, PHAI, NGSINH, PHUCAP, DT, VAITRO, MADV, COSO) VALUES ('NV042', N'Phạm Minh Châu','Nam', TO_DATE('1980-11-03', 'YYYY-MM-DD'), '2000000', '0334997719', N'Giảng viên', 'TGMT', 'CS1');
INSERT INTO ADMIN.NHANSU (MANV, HOTEN, PHAI, NGSINH, PHUCAP, DT, VAITRO, MADV, COSO) VALUES ('NV043', N'Đỗ Văn Khánh','Nam', TO_DATE('1991-01-14', 'YYYY-MM-DD'), '2000000', '0337796522', N'Giảng viên', 'TGMT', 'CS2');
INSERT INTO ADMIN.NHANSU (MANV, HOTEN, PHAI, NGSINH, PHUCAP, DT, VAITRO, MADV, COSO) VALUES ('NV044', N'Vũ Thị Mai Anh',N'Nữ', TO_DATE('1988-09-03', 'YYYY-MM-DD'), '2000000', '0334996159', N'Giảng viên', 'MMT', 'CS1');
INSERT INTO ADMIN.NHANSU (MANV, HOTEN, PHAI, NGSINH, PHUCAP, DT, VAITRO, MADV, COSO) VALUES ('NV045', N'Nguyễn Văn Bảo','Nam', TO_DATE('1981-12-03', 'YYYY-MM-DD'), '2000000', '0834999549', N'Giảng viên', 'MMT', 'CS2');
INSERT INTO ADMIN.NHANSU (MANV, HOTEN, PHAI, NGSINH, PHUCAP, DT, VAITRO, MADV, COSO) VALUES ('NV046', N'Trần Thị Thanh Thúy',N'Nữ', TO_DATE('1986-12-07', 'YYYY-MM-DD'), '2000000', '0334998849', N'Giảng viên', 'MMT', 'CS1');
INSERT INTO ADMIN.NHANSU (MANV, HOTEN, PHAI, NGSINH, PHUCAP, DT, VAITRO, MADV, COSO) VALUES ('NV047', N'Phạm Văn Cường','Nam', TO_DATE('1989-03-03', 'YYYY-MM-DD'), '2000000', '0334996581', N'Giảng viên', 'MMT', 'CS2');

--ADMIN.DONVI
UPDATE ADMIN.DONVI SET TRGDV = 'NV001' WHERE MADV = 'VPK';
UPDATE ADMIN.DONVI SET TRGDV = 'NV002' WHERE MADV = 'CNPM';
UPDATE ADMIN.DONVI SET TRGDV = 'NV003' WHERE MADV = 'HTTT';
UPDATE ADMIN.DONVI SET TRGDV = 'NV004' WHERE MADV = 'KHMT';
UPDATE ADMIN.DONVI SET TRGDV = 'NV005' WHERE MADV = 'CNTT';
UPDATE ADMIN.DONVI SET TRGDV = 'NV006' WHERE MADV = 'TGMT';
UPDATE ADMIN.DONVI SET TRGDV = 'NV007' WHERE MADV = 'MMT';

--ADMIN.HOCPHAN
INSERT INTO ADMIN.HOCPHAN (MAHP, TENHP, SOTC, STLT, STTH, SOSVTD, MADV) VALUES ('HP001', N'Nhập môn Công nghệ thông tin', 3, 2, 1, 100, 'TGMT');
INSERT INTO ADMIN.HOCPHAN (MAHP, TENHP, SOTC, STLT, STTH, SOSVTD, MADV) VALUES ('HP002', N'Nhập môn lập trình', 4, 3, 1, 120, 'TGMT');
INSERT INTO ADMIN.HOCPHAN (MAHP, TENHP, SOTC, STLT, STTH, SOSVTD, MADV) VALUES ('HP003', N'Cơ sở Dữ liệu', 4, 3, 1, 80, 'HTTT');
INSERT INTO ADMIN.HOCPHAN (MAHP, TENHP, SOTC, STLT, STTH, SOSVTD, MADV) VALUES ('HP004', N'Phân tích Thiết kế Hệ thống thông tin', 4, 3, 1, 90, 'HTTT');
INSERT INTO ADMIN.HOCPHAN (MAHP, TENHP, SOTC, STLT, STTH, SOSVTD, MADV) VALUES ('HP005', N'Nhập môn Công nghệ Phần mềm', 4, 3, 1, 85, 'CNPM');
INSERT INTO ADMIN.HOCPHAN (MAHP, TENHP, SOTC, STLT, STTH, SOSVTD, MADV) VALUES ('HP006', N'Cơ sở Trí tuệ Nhân tạo', 4, 3, 1, 70, 'KHMT');
INSERT INTO ADMIN.HOCPHAN (MAHP, TENHP, SOTC, STLT, STTH, SOSVTD, MADV) VALUES ('HP007', N'Mạng Máy tính', 3, 2, 1, 95, 'MMT');
INSERT INTO ADMIN.HOCPHAN (MAHP, TENHP, SOTC, STLT, STTH, SOSVTD, MADV) VALUES ('HP008', N'Mạng Máy tính nâng cao', 3, 2, 1, 60, 'MMT');
INSERT INTO ADMIN.HOCPHAN (MAHP, TENHP, SOTC, STLT, STTH, SOSVTD, MADV) VALUES ('HP009', N'Hệ thống máy tính', 4, 3, 1, 75, 'MMT');
INSERT INTO ADMIN.HOCPHAN (MAHP, TENHP, SOTC, STLT, STTH, SOSVTD, MADV) VALUES ('HP010', N'Lập trình Web', 4, 2, 2, 50, 'CNPM');
INSERT INTO ADMIN.HOCPHAN (MAHP, TENHP, SOTC, STLT, STTH, SOSVTD, MADV) VALUES ('HP011', N'Nhập môn khoa học dữ liệu', 4, 3, 1, 80, 'KHMT');
INSERT INTO ADMIN.HOCPHAN (MAHP, TENHP, SOTC, STLT, STTH, SOSVTD, MADV) VALUES ('HP012', N'Kỹ thuật lập trình', 4, 3, 1, 100, 'TGMT');
INSERT INTO ADMIN.HOCPHAN (MAHP, TENHP, SOTC, STLT, STTH, SOSVTD, MADV) VALUES ('HP013', N'Phương pháp lập trình hướng đối tượng', 4, 3, 1, 90, 'CNPM');
INSERT INTO ADMIN.HOCPHAN (MAHP, TENHP, SOTC, STLT, STTH, SOSVTD, MADV) VALUES ('HP014', N'Cấu trúc dữ liệu và giải thuật', 4, 3, 1, 120, 'KHMT');
INSERT INTO ADMIN.HOCPHAN (MAHP, TENHP, SOTC, STLT, STTH, SOSVTD, MADV) VALUES ('HP015', N'Hệ điều hành', 4, 3, 1, 70, 'HTTT');

-----------------------------ADMIN.KHMO
--NMCNTT
INSERT INTO ADMIN.KHMO (MAHP, HK, NAM, MACT) VALUES ('HP001', 1, '2024', 'CQ');
INSERT INTO ADMIN.KHMO (MAHP, HK, NAM, MACT) VALUES ('HP001', 1, '2024', 'CLC');
INSERT INTO ADMIN.KHMO (MAHP, HK, NAM, MACT) VALUES ('HP001', 1, '2024', 'CTTT');
INSERT INTO ADMIN.KHMO (MAHP, HK, NAM, MACT) VALUES ('HP001', 1, '2024', 'VP');

--CSDL
INSERT INTO ADMIN.KHMO (MAHP, HK, NAM, MACT) VALUES ('HP003', 1, '2024', 'CQ');
INSERT INTO ADMIN.KHMO (MAHP, HK, NAM, MACT) VALUES ('HP003', 1, '2024', 'CLC');
INSERT INTO ADMIN.KHMO (MAHP, HK, NAM, MACT) VALUES ('HP003', 1, '2024', 'CTTT');
INSERT INTO ADMIN.KHMO (MAHP, HK, NAM, MACT) VALUES ('HP003', 1, '2024', 'VP');

--NMCNPM
INSERT INTO ADMIN.KHMO (MAHP, HK, NAM, MACT) VALUES ('HP005', 1, '2024', 'CQ');
INSERT INTO ADMIN.KHMO (MAHP, HK, NAM, MACT) VALUES ('HP005', 1, '2024', 'CLC');
INSERT INTO ADMIN.KHMO (MAHP, HK, NAM, MACT) VALUES ('HP005', 1, '2024', 'CTTT');
INSERT INTO ADMIN.KHMO (MAHP, HK, NAM, MACT) VALUES ('HP005', 1, '2024', 'VP');

--NMKHDL
INSERT INTO ADMIN.KHMO (MAHP, HK, NAM, MACT) VALUES ('HP011', 2, '2024', 'CQ');
INSERT INTO ADMIN.KHMO (MAHP, HK, NAM, MACT) VALUES ('HP011', 2, '2024', 'CLC');
INSERT INTO ADMIN.KHMO (MAHP, HK, NAM, MACT) VALUES ('HP011', 2, '2024', 'CTTT');
INSERT INTO ADMIN.KHMO (MAHP, HK, NAM, MACT) VALUES ('HP011', 2, '2024', 'VP');

--MMT
INSERT INTO ADMIN.KHMO (MAHP, HK, NAM, MACT) VALUES ('HP007', 2, '2024', 'CQ');
INSERT INTO ADMIN.KHMO (MAHP, HK, NAM, MACT) VALUES ('HP007', 2, '2024', 'CLC');
INSERT INTO ADMIN.KHMO (MAHP, HK, NAM, MACT) VALUES ('HP007', 2, '2024', 'CTTT');
INSERT INTO ADMIN.KHMO (MAHP, HK, NAM, MACT) VALUES ('HP007', 2, '2024', 'VP');

--VPK
INSERT INTO ADMIN.KHMO (MAHP, HK, NAM, MACT) VALUES ('HP016', 1, '2025', 'CQ');
INSERT INTO ADMIN.KHMO (MAHP, HK, NAM, MACT) VALUES ('HP017', 1, '2025', 'CQ');
INSERT INTO ADMIN.KHMO (MAHP, HK, NAM, MACT) VALUES ('HP018', 1, '2025', 'CQ');

--NMLT
INSERT INTO ADMIN.KHMO (MAHP, HK, NAM, MACT) VALUES ('HP002', 2, '2024', 'CQ');
INSERT INTO ADMIN.KHMO (MAHP, HK, NAM, MACT) VALUES ('HP002', 2, '2024', 'CLC');
INSERT INTO ADMIN.KHMO (MAHP, HK, NAM, MACT) VALUES ('HP002', 2, '2024', 'CTTT');
INSERT INTO ADMIN.KHMO (MAHP, HK, NAM, MACT) VALUES ('HP002', 2, '2024', 'VP');

--PTTKHTTT
INSERT INTO ADMIN.KHMO (MAHP, HK, NAM, MACT) VALUES ('HP004', 3, '2024', 'CQ');
INSERT INTO ADMIN.KHMO (MAHP, HK, NAM, MACT) VALUES ('HP004', 3, '2024', 'CLC');
INSERT INTO ADMIN.KHMO (MAHP, HK, NAM, MACT) VALUES ('HP004', 3, '2024', 'CTTT');
INSERT INTO ADMIN.KHMO (MAHP, HK, NAM, MACT) VALUES ('HP004', 3, '2024', 'VP');

--------------------------ADMIN.PHANCONG------------------------------------
--NMCNTT
INSERT INTO ADMIN.PHANCONG (MAGV, MAHP, HK, NAM, MACT) VALUES ('NV040', 'HP001', 1, '2024', 'CQ');
INSERT INTO ADMIN.PHANCONG (MAGV, MAHP, HK, NAM, MACT) VALUES ('NV041', 'HP001', 1, '2024', 'CLC');
INSERT INTO ADMIN.PHANCONG (MAGV, MAHP, HK, NAM, MACT) VALUES ('NV042', 'HP001', 1, '2024', 'CTTT');
INSERT INTO ADMIN.PHANCONG (MAGV, MAHP, HK, NAM, MACT) VALUES ('NV043', 'HP001', 1, '2024', 'VP');

--CSDL
INSERT INTO ADMIN.PHANCONG (MAGV, MAHP, HK, NAM, MACT) VALUES ('NV028', 'HP003', 1, '2024', 'CQ');
INSERT INTO ADMIN.PHANCONG (MAGV, MAHP, HK, NAM, MACT) VALUES ('NV029', 'HP003', 1, '2024', 'CLC');
INSERT INTO ADMIN.PHANCONG (MAGV, MAHP, HK, NAM, MACT) VALUES ('NV030', 'HP003', 1, '2024', 'CTTT');
INSERT INTO ADMIN.PHANCONG (MAGV, MAHP, HK, NAM, MACT) VALUES ('NV031', 'HP003', 1, '2024', 'VP');

--NMCNPM
INSERT INTO ADMIN.PHANCONG (MAGV, MAHP, HK, NAM, MACT) VALUES ('NV032', 'HP005', 1, '2024', 'CQ');
INSERT INTO ADMIN.PHANCONG (MAGV, MAHP, HK, NAM, MACT) VALUES ('NV033', 'HP005', 1, '2024', 'CLC');
INSERT INTO ADMIN.PHANCONG (MAGV, MAHP, HK, NAM, MACT) VALUES ('NV034', 'HP005', 1, '2024', 'CTTT');
INSERT INTO ADMIN.PHANCONG (MAGV, MAHP, HK, NAM, MACT) VALUES ('NV035', 'HP005', 1, '2024', 'VP');

--NMKHDL
INSERT INTO ADMIN.PHANCONG (MAGV, MAHP, HK, NAM, MACT) VALUES ('NV036', 'HP011', 2, '2024', 'CQ');
INSERT INTO ADMIN.PHANCONG (MAGV, MAHP, HK, NAM, MACT) VALUES ('NV037', 'HP011', 2, '2024', 'CLC');
INSERT INTO ADMIN.PHANCONG (MAGV, MAHP, HK, NAM, MACT) VALUES ('NV038', 'HP011', 2, '2024', 'CTTT');
INSERT INTO ADMIN.PHANCONG (MAGV, MAHP, HK, NAM, MACT) VALUES ('NV039', 'HP011', 2, '2024', 'VP');

--MMT
INSERT INTO ADMIN.PHANCONG (MAGV, MAHP, HK, NAM, MACT) VALUES ('NV044', 'HP007', 2, '2024', 'CQ');
INSERT INTO ADMIN.PHANCONG (MAGV, MAHP, HK, NAM, MACT) VALUES ('NV045', 'HP007', 2, '2024', 'CLC');
INSERT INTO ADMIN.PHANCONG (MAGV, MAHP, HK, NAM, MACT) VALUES ('NV046', 'HP007', 2, '2024', 'CTTT');
INSERT INTO ADMIN.PHANCONG (MAGV, MAHP, HK, NAM, MACT) VALUES ('NV047', 'HP007', 2, '2024', 'VP');

--VPK
INSERT INTO ADMIN.PHANCONG (MAGV, MAHP, HK, NAM, MACT) VALUES ('NV018', 'HP016', 1, '2025', 'CQ');
INSERT INTO ADMIN.PHANCONG (MAGV, MAHP, HK, NAM, MACT) VALUES ('NV019', 'HP017', 1, '2025', 'CQ');
INSERT INTO ADMIN.PHANCONG (MAGV, MAHP, HK, NAM, MACT) VALUES ('NV019', 'HP018', 1, '2025', 'CQ');

--NMLT
INSERT INTO ADMIN.PHANCONG (MAGV, MAHP, HK, NAM, MACT) VALUES ('NV040', 'HP002', 2, '2024', 'CQ');
INSERT INTO ADMIN.PHANCONG (MAGV, MAHP, HK, NAM, MACT) VALUES ('NV041', 'HP002', 2, '2024', 'CLC');
INSERT INTO ADMIN.PHANCONG (MAGV, MAHP, HK, NAM, MACT) VALUES ('NV042', 'HP002', 2, '2024', 'CTTT');
INSERT INTO ADMIN.PHANCONG (MAGV, MAHP, HK, NAM, MACT) VALUES ('NV043', 'HP002', 2, '2024', 'VP');

--PTTKHTTT
INSERT INTO ADMIN.PHANCONG (MAGV, MAHP, HK, NAM, MACT) VALUES ('NV028', 'HP004', 3, '2024', 'CQ');
INSERT INTO ADMIN.PHANCONG (MAGV, MAHP, HK, NAM, MACT) VALUES ('NV029', 'HP004', 3, '2024', 'CLC');
INSERT INTO ADMIN.PHANCONG (MAGV, MAHP, HK, NAM, MACT) VALUES ('NV030', 'HP004', 3, '2024', 'CTTT');
INSERT INTO ADMIN.PHANCONG (MAGV, MAHP, HK, NAM, MACT) VALUES ('NV031', 'HP004', 3, '2024', 'VP');


----------------------------ADMIN.SINHVIEN
INSERT INTO ADMIN.SINHVIEN (MASV, HOTEN, PHAI, NGSINH, DCHI, DT, MACT, MANGANH, COSO, SOTCTL, DTBTL) VALUES ('SV0001', N'Nguyễn Văn An', 'Nam', TO_DATE('2002-01-01', 'YYYY-MM-DD'), 'Ha Noi', '0987654321', 'CQ', 'HTTT', 'CS1', 75, 7.0);
INSERT INTO ADMIN.SINHVIEN (MASV, HOTEN, PHAI, NGSINH, DCHI, DT, MACT, MANGANH, COSO, SOTCTL, DTBTL) VALUES ('SV0002', N'Trần Thị Bình', N'Nữ', TO_DATE('2003-02-02', 'YYYY-MM-DD'), 'Hai Phong', '0987654322', 'CLC', 'KHMT', 'CS1', 80, 6.5);
INSERT INTO ADMIN.SINHVIEN (MASV, HOTEN, PHAI, NGSINH, DCHI, DT, MACT, MANGANH, COSO, SOTCTL, DTBTL) VALUES ('SV0003', N'Lê Văn Cường', 'Nam', TO_DATE('2004-03-03', 'YYYY-MM-DD'), 'Da Nang', '0987654323', 'CTTT', 'TGMT', 'CS1', 65, 6.0);
INSERT INTO ADMIN.SINHVIEN (MASV, HOTEN, PHAI, NGSINH, DCHI, DT, MACT, MANGANH, COSO, SOTCTL, DTBTL) VALUES ('SV0004', N'Phạm Thị Dung', N'Nữ', TO_DATE('2002-04-04', 'YYYY-MM-DD'), 'Hue', '0987654324', 'VP', 'MMT', 'CS1', 90, 7.5);
INSERT INTO ADMIN.SINHVIEN (MASV, HOTEN, PHAI, NGSINH, DCHI, DT, MACT, MANGANH, COSO, SOTCTL, DTBTL) VALUES ('SV0005', N'Hoàng Văn Dương', 'Nam', TO_DATE('2003-05-05', 'YYYY-MM-DD'), 'Can Tho', '0987654325', 'CQ', 'CNPM', 'CS1', 85, 7.2);
INSERT INTO ADMIN.SINHVIEN (MASV, HOTEN, PHAI, NGSINH, DCHI, DT, MACT, MANGANH, COSO, SOTCTL, DTBTL) VALUES ('SV0006', N'Trần Thị Anh Đào', N'Nữ', TO_DATE('2004-06-06', 'YYYY-MM-DD'), 'Nha Trang', '0987654326', 'CLC', 'HTTT', 'CS1', 88, 7.8);
INSERT INTO ADMIN.SINHVIEN (MASV, HOTEN, PHAI, NGSINH, DCHI, DT, MACT, MANGANH, COSO, SOTCTL, DTBTL) VALUES ('SV0007', N'Nguyễn Văn Duy', 'Nam', TO_DATE('2002-07-07', 'YYYY-MM-DD'), 'Quang Ninh', '0987654327', 'CTTT', 'KHMT', 'CS1', 70, 6.3);
INSERT INTO ADMIN.SINHVIEN (MASV, HOTEN, PHAI, NGSINH, DCHI, DT, MACT, MANGANH, COSO, SOTCTL, DTBTL) VALUES ('SV0008', N'Vũ Thị Hà', N'Nữ', TO_DATE('2003-08-08', 'YYYY-MM-DD'), 'Hai Duong', '0987654328', 'VP', 'TGMT', 'CS1', 83, 6.9);
INSERT INTO ADMIN.SINHVIEN (MASV, HOTEN, PHAI, NGSINH, DCHI, DT, MACT, MANGANH, COSO, SOTCTL, DTBTL) VALUES ('SV0009', N'Lê Minh Hải', 'Nam', TO_DATE('2004-09-09', 'YYYY-MM-DD'), 'Bac Ninh', '0987654329', 'CQ', 'MMT', 'CS1', 75, 6.7);
INSERT INTO ADMIN.SINHVIEN (MASV, HOTEN, PHAI, NGSINH, DCHI, DT, MACT, MANGANH, COSO, SOTCTL, DTBTL) VALUES ('SV0010', N'Trần Thị Hằng', N'Nữ', TO_DATE('2002-10-10', 'YYYY-MM-DD'), 'Thai Binh', '0987654330', 'CLC', 'CNPM', 'CS1', 89, 7.4);
INSERT INTO ADMIN.SINHVIEN (MASV, HOTEN, PHAI, NGSINH, DCHI, DT, MACT, MANGANH, COSO, SOTCTL, DTBTL) VALUES ('SV0011', N'Phạm Văn Hiếu', 'Nam', TO_DATE('2002-11-11', 'YYYY-MM-DD'), 'Ha Noi', '0987654331', 'CTTT', 'HTTT', 'CS1', 78, 7.5);
INSERT INTO ADMIN.SINHVIEN (MASV, HOTEN, PHAI, NGSINH, DCHI, DT, MACT, MANGANH, COSO, SOTCTL, DTBTL) VALUES ('SV0012', N'Nguyễn Thị Hoa', N'Nữ', TO_DATE('2003-12-12', 'YYYY-MM-DD'), 'Hai Phong', '0987654332', 'VP', 'KHMT', 'CS1', 77, 6.1);
INSERT INTO ADMIN.SINHVIEN (MASV, HOTEN, PHAI, NGSINH, DCHI, DT, MACT, MANGANH, COSO, SOTCTL, DTBTL) VALUES ('SV0013', N'Lê Thị Huệ', N'Nữ', TO_DATE('2004-01-01', 'YYYY-MM-DD'), 'Da Nang', '0987654333', 'CQ', 'TGMT', 'CS1', 73, 6.0);
INSERT INTO ADMIN.SINHVIEN (MASV, HOTEN, PHAI, NGSINH, DCHI, DT, MACT, MANGANH, COSO, SOTCTL, DTBTL) VALUES ('SV0014', N'Nguyễn Văn Hùng', 'Nam', TO_DATE('2002-02-02', 'YYYY-MM-DD'), 'Hue', '0987654334', 'CLC', 'MMT', 'CS1', 81, 7.0);
INSERT INTO ADMIN.SINHVIEN (MASV, HOTEN, PHAI, NGSINH, DCHI, DT, MACT, MANGANH, COSO, SOTCTL, DTBTL) VALUES ('SV0015', N'Trần Thị Hương', N'Nữ', TO_DATE('2003-03-03', 'YYYY-MM-DD'), 'Can Tho', '0987654335', 'CTTT', 'CNPM', 'CS1', 85, 7.1);
INSERT INTO ADMIN.SINHVIEN (MASV, HOTEN, PHAI, NGSINH, DCHI, DT, MACT, MANGANH, COSO, SOTCTL, DTBTL) VALUES ('SV0016', N'Lê Văn Khải', 'Nam', TO_DATE('2004-04-04', 'YYYY-MM-DD'), 'Nha Trang', '0987654336', 'VP', 'HTTT', 'CS1', 92, 7.8);
INSERT INTO ADMIN.SINHVIEN (MASV, HOTEN, PHAI, NGSINH, DCHI, DT, MACT, MANGANH, COSO, SOTCTL, DTBTL) VALUES ('SV0017', N'Phạm Thị Kim', N'Nữ', TO_DATE('2002-05-05', 'YYYY-MM-DD'), 'Quang Ninh', '0987654337', 'CQ', 'KHMT', 'CS1', 68, 6.2);
INSERT INTO ADMIN.SINHVIEN (MASV, HOTEN, PHAI, NGSINH, DCHI, DT, MACT, MANGANH, COSO, SOTCTL, DTBTL) VALUES ('SV0018', N'Trần Văn Khoa', 'Nam', TO_DATE('2003-06-06', 'YYYY-MM-DD'), 'Hai Duong', '0987654338', 'CLC', 'TGMT', 'CS1', 82, 6.4);
INSERT INTO ADMIN.SINHVIEN (MASV, HOTEN, PHAI, NGSINH, DCHI, DT, MACT, MANGANH, COSO, SOTCTL, DTBTL) VALUES ('SV0019', N'Nguyễn Thị Lan', N'Nữ', TO_DATE('2004-07-07', 'YYYY-MM-DD'), 'Bac Ninh', '0987654339', 'CTTT', 'MMT', 'CS1', 74, 6.5);
INSERT INTO ADMIN.SINHVIEN (MASV, HOTEN, PHAI, NGSINH, DCHI, DT, MACT, MANGANH, COSO, SOTCTL, DTBTL) VALUES ('SV0020', N'Hoàng Văn Long', 'Nam', TO_DATE('2002-08-08', 'YYYY-MM-DD'), 'Thai Binh', '0987654340', 'VP', 'CNPM', 'CS1', 86, 7.3);
INSERT INTO ADMIN.SINHVIEN (MASV, HOTEN, PHAI, NGSINH, DCHI, DT, MACT, MANGANH, COSO, SOTCTL, DTBTL) VALUES ('SV0021', N'Trần Thị Lý', N'Nữ', TO_DATE('2002-09-09', 'YYYY-MM-DD'), 'Ha Noi', '0987654341', 'CQ', 'HTTT', 'CS1', 79, 7.4);
INSERT INTO ADMIN.SINHVIEN (MASV, HOTEN, PHAI, NGSINH, DCHI, DT, MACT, MANGANH, COSO, SOTCTL, DTBTL) VALUES ('SV0022', N'Lê Văn Minh', 'Nam', TO_DATE('2003-10-10', 'YYYY-MM-DD'), 'Hai Phong', '0987654342', 'CLC', 'KHMT', 'CS1', 75, 6.2);
INSERT INTO ADMIN.SINHVIEN (MASV, HOTEN, PHAI, NGSINH, DCHI, DT, MACT, MANGANH, COSO, SOTCTL, DTBTL) VALUES ('SV0023', N'Phạm Văn Nam', 'Nam', TO_DATE('2004-11-11', 'YYYY-MM-DD'), 'Da Nang', '0987654343', 'CTTT', 'TGMT', 'CS1', 65, 5.7);
INSERT INTO ADMIN.SINHVIEN (MASV, HOTEN, PHAI, NGSINH, DCHI, DT, MACT, MANGANH, COSO, SOTCTL, DTBTL) VALUES ('SV0024', N'Nguyễn Thị Ngọc', N'Nữ', TO_DATE('2002-12-12', 'YYYY-MM-DD'), 'Hue', '0987654344', 'VP', 'MMT', 'CS1', 83, 6.9);
INSERT INTO ADMIN.SINHVIEN (MASV, HOTEN, PHAI, NGSINH, DCHI, DT, MACT, MANGANH, COSO, SOTCTL, DTBTL) VALUES ('SV0025', N'Lê Văn Phú', 'Nam', TO_DATE('2003-01-13', 'YYYY-MM-DD'), 'Can Tho', '0987654345', 'CQ', 'CNPM', 'CS1', 86, 7.0);
INSERT INTO ADMIN.SINHVIEN (MASV, HOTEN, PHAI, NGSINH, DCHI, DT, MACT, MANGANH, COSO, SOTCTL, DTBTL) VALUES ('SV0026', N'Trần Thị Phương', N'Nữ', TO_DATE('2004-02-14', 'YYYY-MM-DD'), 'Nha Trang', '0987654346', 'CLC', 'HTTT', 'CS1', 91, 7.8);
INSERT INTO ADMIN.SINHVIEN (MASV, HOTEN, PHAI, NGSINH, DCHI, DT, MACT, MANGANH, COSO, SOTCTL, DTBTL) VALUES ('SV0027', N'Nguyễn Văn Quân', 'Nam', TO_DATE('2002-03-15', 'YYYY-MM-DD'), 'Quang Ninh', '0987654347', 'CTTT', 'KHMT', 'CS1', 67, 5.9);
INSERT INTO ADMIN.SINHVIEN (MASV, HOTEN, PHAI, NGSINH, DCHI, DT, MACT, MANGANH, COSO, SOTCTL, DTBTL) VALUES ('SV0028', N'Phạm Thị Quỳnh', N'Nữ', TO_DATE('2003-04-16', 'YYYY-MM-DD'), 'Hai Duong', '0987654348', 'VP', 'TGMT', 'CS1', 84, 6.6);
INSERT INTO ADMIN.SINHVIEN (MASV, HOTEN, PHAI, NGSINH, DCHI, DT, MACT, MANGANH, COSO, SOTCTL, DTBTL) VALUES ('SV0029', N'Trần Văn Sơn', 'Nam', TO_DATE('2004-05-17', 'YYYY-MM-DD'), 'Bac Ninh', '0987654349', 'CQ', 'MMT', 'CS1', 76, 6.4);
INSERT INTO ADMIN.SINHVIEN (MASV, HOTEN, PHAI, NGSINH, DCHI, DT, MACT, MANGANH, COSO, SOTCTL, DTBTL) VALUES ('SV0030', N'Nguyễn Thị Thanh', N'Nữ', TO_DATE('2002-06-18', 'YYYY-MM-DD'), 'Thai Binh', '0987654350', 'CLC', 'CNPM', 'CS1', 87, 7.2);
INSERT INTO ADMIN.SINHVIEN (MASV, HOTEN, PHAI, NGSINH, DCHI, DT, MACT, MANGANH, COSO, SOTCTL, DTBTL) VALUES ('SV0031', N'Lê Văn Thắng', 'Nam', TO_DATE('2002-07-19', 'YYYY-MM-DD'), 'Ha Noi', '0987654351', 'CTTT', 'HTTT', 'CS1', 78, 7.3);
INSERT INTO ADMIN.SINHVIEN (MASV, HOTEN, PHAI, NGSINH, DCHI, DT, MACT, MANGANH, COSO, SOTCTL, DTBTL) VALUES ('SV0032', N'Trần Thị Thu', N'Nữ', TO_DATE('2003-08-20', 'YYYY-MM-DD'), 'Hai Phong', '0987654352', 'VP', 'KHMT', 'CS1', 79, 6.3);
INSERT INTO ADMIN.SINHVIEN (MASV, HOTEN, PHAI, NGSINH, DCHI, DT, MACT, MANGANH, COSO, SOTCTL, DTBTL) VALUES ('SV0033', N'Hoàng Văn Tiến', 'Nam', TO_DATE('2004-09-21', 'YYYY-MM-DD'), 'Da Nang', '0987654353', 'CQ', 'TGMT', 'CS1', 67, 5.8);
INSERT INTO ADMIN.SINHVIEN (MASV, HOTEN, PHAI, NGSINH, DCHI, DT, MACT, MANGANH, COSO, SOTCTL, DTBTL) VALUES ('SV0034', N'Trần Thị Trang', N'Nữ', TO_DATE('2002-10-22', 'YYYY-MM-DD'), 'Hue', '0987654354', 'CLC', 'MMT', 'CS1', 80, 7.0);
INSERT INTO ADMIN.SINHVIEN (MASV, HOTEN, PHAI, NGSINH, DCHI, DT, MACT, MANGANH, COSO, SOTCTL, DTBTL) VALUES ('SV0035', N'Nguyễn Văn Tuấn', 'Nam', TO_DATE('2003-11-23', 'YYYY-MM-DD'), 'Can Tho', '0987654355', 'CTTT', 'CNPM', 'CS1', 85, 7.1);
INSERT INTO ADMIN.SINHVIEN (MASV, HOTEN, PHAI, NGSINH, DCHI, DT, MACT, MANGANH, COSO, SOTCTL, DTBTL) VALUES ('SV0036', N'Phạm Thị Tuyết', N'Nữ', TO_DATE('2004-12-24', 'YYYY-MM-DD'), 'Nha Trang', '0987654356', 'VP', 'HTTT', 'CS1', 92, 7.9);
INSERT INTO ADMIN.SINHVIEN (MASV, HOTEN, PHAI, NGSINH, DCHI, DT, MACT, MANGANH, COSO, SOTCTL, DTBTL) VALUES ('SV0037', N'Lê Văn Vinh', 'Nam', TO_DATE('2002-01-25', 'YYYY-MM-DD'), 'Quang Ninh', '0987654357', 'CQ', 'KHMT', 'CS1', 71, 6.0);
INSERT INTO ADMIN.SINHVIEN (MASV, HOTEN, PHAI, NGSINH, DCHI, DT, MACT, MANGANH, COSO, SOTCTL, DTBTL) VALUES ('SV0038', N'Nguyễn Thị Xuân', N'Nữ', TO_DATE('2003-02-26', 'YYYY-MM-DD'), 'Hai Duong', '0987654358', 'CLC', 'TGMT', 'CS1', 83, 6.5);
INSERT INTO ADMIN.SINHVIEN (MASV, HOTEN, PHAI, NGSINH, DCHI, DT, MACT, MANGANH, COSO, SOTCTL, DTBTL) VALUES ('SV0039', N'Trần Văn Yên', 'Nam', TO_DATE('2004-03-27', 'YYYY-MM-DD'), 'Bac Ninh', '0987654359', 'CTTT', 'MMT', 'CS1', 75, 6.4);
INSERT INTO ADMIN.SINHVIEN (MASV, HOTEN, PHAI, NGSINH, DCHI, DT, MACT, MANGANH, COSO, SOTCTL, DTBTL) VALUES ('SV0040', N'Hoàng Văn Ý', 'Nam', TO_DATE('2002-04-28', 'YYYY-MM-DD'), 'Thai Binh', '0987654360', 'VP', 'CNPM', 'CS1', 88, 7.3);
INSERT INTO ADMIN.SINHVIEN (MASV, HOTEN, PHAI, NGSINH, DCHI, DT, MACT, MANGANH, COSO, SOTCTL, DTBTL) VALUES ('SV0041', N'Nguyễn Thị An', N'Nữ', TO_DATE('2002-05-29', 'YYYY-MM-DD'), 'Ha Noi', '0987654361', 'CQ', 'HTTT', 'CS1', 79, 7.2);
INSERT INTO ADMIN.SINHVIEN (MASV, HOTEN, PHAI, NGSINH, DCHI, DT, MACT, MANGANH, COSO, SOTCTL, DTBTL) VALUES ('SV0042', N'Trần Văn Bảo', 'Nam', TO_DATE('2003-06-30', 'YYYY-MM-DD'), 'Hai Phong', '0987654362', 'CLC', 'KHMT', 'CS1', 80, 6.2);
INSERT INTO ADMIN.SINHVIEN (MASV, HOTEN, PHAI, NGSINH, DCHI, DT, MACT, MANGANH, COSO, SOTCTL, DTBTL) VALUES ('SV0043', N'Phạm Thị Bích', N'Nữ', TO_DATE('2004-07-31', 'YYYY-MM-DD'), 'Da Nang', '0987654363', 'CTTT', 'TGMT', 'CS1', 69, 5.9);
INSERT INTO ADMIN.SINHVIEN (MASV, HOTEN, PHAI, NGSINH, DCHI, DT, MACT, MANGANH, COSO, SOTCTL, DTBTL) VALUES ('SV0044', N'Lê Thị Châu', N'Nữ', TO_DATE('2002-08-01', 'YYYY-MM-DD'), 'Hue', '0987654364', 'VP', 'MMT', 'CS1', 82, 7.1);
INSERT INTO ADMIN.SINHVIEN (MASV, HOTEN, PHAI, NGSINH, DCHI, DT, MACT, MANGANH, COSO, SOTCTL, DTBTL) VALUES ('SV0045', N'Nguyễn Văn Chiến', 'Nam', TO_DATE('2003-09-02', 'YYYY-MM-DD'), 'Can Tho', '0987654365', 'CQ', 'CNPM', 'CS1', 86, 7.2);
INSERT INTO ADMIN.SINHVIEN (MASV, HOTEN, PHAI, NGSINH, DCHI, DT, MACT, MANGANH, COSO, SOTCTL, DTBTL) VALUES ('SV0046', N'Trần Thị Duyên', N'Nữ', TO_DATE('2004-10-03', 'YYYY-MM-DD'), 'Nha Trang', '0987654366', 'CLC', 'HTTT', 'CS1', 93, 7.8);
INSERT INTO ADMIN.SINHVIEN (MASV, HOTEN, PHAI, NGSINH, DCHI, DT, MACT, MANGANH, COSO, SOTCTL, DTBTL) VALUES ('SV0047', N'Hoàng Văn Dũng', 'Nam', TO_DATE('2002-11-04', 'YYYY-MM-DD'), 'Quang Ninh', '0987654367', 'CTTT', 'KHMT', 'CS1', 73, 6.0);
INSERT INTO ADMIN.SINHVIEN (MASV, HOTEN, PHAI, NGSINH, DCHI, DT, MACT, MANGANH, COSO, SOTCTL, DTBTL) VALUES ('SV0048', N'Nguyễn Thị Giang', N'Nữ', TO_DATE('2003-12-05', 'YYYY-MM-DD'), 'Hai Duong', '0987654368', 'VP', 'TGMT', 'CS1', 81, 6.4);
INSERT INTO ADMIN.SINHVIEN (MASV, HOTEN, PHAI, NGSINH, DCHI, DT, MACT, MANGANH, COSO, SOTCTL, DTBTL) VALUES ('SV0049', N'Phạm Văn Hà', 'Nam', TO_DATE('2004-01-06', 'YYYY-MM-DD'), 'Bac Ninh', '0987654369', 'CQ', 'MMT', 'CS1', 76, 6.5);
INSERT INTO ADMIN.SINHVIEN (MASV, HOTEN, PHAI, NGSINH, DCHI, DT, MACT, MANGANH, COSO, SOTCTL, DTBTL) VALUES ('SV0050', N'Lê Văn Hải', 'Nam', TO_DATE('2002-02-07', 'YYYY-MM-DD'), 'Thai Binh', '0987654370', 'CLC', 'CNPM', 'CS1', 88, 7.4);
INSERT INTO ADMIN.SINHVIEN (MASV, HOTEN, PHAI, NGSINH, DCHI, DT, MACT, MANGANH, COSO, SOTCTL, DTBTL) VALUES ('SV0051', N'Nguyễn Thị Hà', N'Nữ', TO_DATE('2002-03-08', 'YYYY-MM-DD'), 'Ha Noi', '0987654371', 'CTTT', 'HTTT', 'CS2', 77, 7.2);
INSERT INTO ADMIN.SINHVIEN (MASV, HOTEN, PHAI, NGSINH, DCHI, DT, MACT, MANGANH, COSO, SOTCTL, DTBTL) VALUES ('SV0052', N'Trần Văn Hậu', 'Nam', TO_DATE('2003-04-09', 'YYYY-MM-DD'), 'Hai Phong', '0987654372', 'VP', 'KHMT', 'CS2', 78, 6.3);
INSERT INTO ADMIN.SINHVIEN (MASV, HOTEN, PHAI, NGSINH, DCHI, DT, MACT, MANGANH, COSO, SOTCTL, DTBTL) VALUES ('SV0053', N'Lê Thị Hiền', N'Nữ', TO_DATE('2004-05-10', 'YYYY-MM-DD'), 'Da Nang', '0987654373', 'CQ', 'TGMT', 'CS2', 67, 5.8);
INSERT INTO ADMIN.SINHVIEN (MASV, HOTEN, PHAI, NGSINH, DCHI, DT, MACT, MANGANH, COSO, SOTCTL, DTBTL) VALUES ('SV0054', N'Nguyễn Văn Hoa', 'Nam', TO_DATE('2002-06-11', 'YYYY-MM-DD'), 'Hue', '0987654374', 'CLC', 'MMT', 'CS2', 81, 6.9);
INSERT INTO ADMIN.SINHVIEN (MASV, HOTEN, PHAI, NGSINH, DCHI, DT, MACT, MANGANH, COSO, SOTCTL, DTBTL) VALUES ('SV0055', N'Trần Thị Hồng', N'Nữ', TO_DATE('2003-07-12', 'YYYY-MM-DD'), 'Can Tho', '0987654375', 'CTTT', 'CNPM', 'CS2', 85, 7.1);
INSERT INTO ADMIN.SINHVIEN (MASV, HOTEN, PHAI, NGSINH, DCHI, DT, MACT, MANGANH, COSO, SOTCTL, DTBTL) VALUES ('SV0056', N'Lê Văn Hùng', 'Nam', TO_DATE('2004-08-13', 'YYYY-MM-DD'), 'Nha Trang', '0987654376', 'VP', 'HTTT', 'CS2', 92, 7.8);
INSERT INTO ADMIN.SINHVIEN (MASV, HOTEN, PHAI, NGSINH, DCHI, DT, MACT, MANGANH, COSO, SOTCTL, DTBTL) VALUES ('SV0057', N'Phạm Thị Hương', N'Nữ', TO_DATE('2002-09-14', 'YYYY-MM-DD'), 'Quang Ninh', '0987654377', 'CQ', 'KHMT', 'CS2', 71, 6.1);
INSERT INTO ADMIN.SINHVIEN (MASV, HOTEN, PHAI, NGSINH, DCHI, DT, MACT, MANGANH, COSO, SOTCTL, DTBTL) VALUES ('SV0058', N'Hoàng Văn Duy', 'Nam', TO_DATE('2003-10-15', 'YYYY-MM-DD'), 'Hai Duong', '0987654378', 'CLC', 'TGMT', 'CS2', 83, 6.6);
INSERT INTO ADMIN.SINHVIEN (MASV, HOTEN, PHAI, NGSINH, DCHI, DT, MACT, MANGANH, COSO, SOTCTL, DTBTL) VALUES ('SV0059', N'Nguyễn Thị Khanh', N'Nữ', TO_DATE('2004-11-16', 'YYYY-MM-DD'), 'Bac Ninh', '0987654379', 'CTTT', 'MMT', 'CS2', 75, 6.5);
INSERT INTO ADMIN.SINHVIEN (MASV, HOTEN, PHAI, NGSINH, DCHI, DT, MACT, MANGANH, COSO, SOTCTL, DTBTL) VALUES ('SV0060', N'Trần Văn Khánh', 'Nam', TO_DATE('2002-12-17', 'YYYY-MM-DD'), 'Thai Binh', '0987654380', 'VP', 'CNPM', 'CS2', 88, 7.3);
INSERT INTO ADMIN.SINHVIEN (MASV, HOTEN, PHAI, NGSINH, DCHI, DT, MACT, MANGANH, COSO, SOTCTL, DTBTL) VALUES ('SV0061', N'Lê Thị Lan', N'Nữ', TO_DATE('2002-01-18', 'YYYY-MM-DD'), 'Ha Noi', '0987654381', 'CQ', 'HTTT', 'CS2', 79, 7.4);
INSERT INTO ADMIN.SINHVIEN (MASV, HOTEN, PHAI, NGSINH, DCHI, DT, MACT, MANGANH, COSO, SOTCTL, DTBTL) VALUES ('SV0062', N'Nguyễn Văn Lợi', 'Nam', TO_DATE('2003-02-19', 'YYYY-MM-DD'), 'Hai Phong', '0987654382', 'CLC', 'KHMT', 'CS2', 80, 6.2);
INSERT INTO ADMIN.SINHVIEN (MASV, HOTEN, PHAI, NGSINH, DCHI, DT, MACT, MANGANH, COSO, SOTCTL, DTBTL) VALUES ('SV0063', N'Trần Thị Loan', N'Nữ', TO_DATE('2004-03-20', 'YYYY-MM-DD'), 'Da Nang', '0987654383', 'CTTT', 'TGMT', 'CS2', 69, 5.9);
INSERT INTO ADMIN.SINHVIEN (MASV, HOTEN, PHAI, NGSINH, DCHI, DT, MACT, MANGANH, COSO, SOTCTL, DTBTL) VALUES ('SV0064', N'Hoàng Văn Long', 'Nam', TO_DATE('2002-04-21', 'YYYY-MM-DD'), 'Hue', '0987654384', 'VP', 'MMT', 'CS2', 82, 7.0);
INSERT INTO ADMIN.SINHVIEN (MASV, HOTEN, PHAI, NGSINH, DCHI, DT, MACT, MANGANH, COSO, SOTCTL, DTBTL) VALUES ('SV0065', N'Lê Thị Mai', N'Nữ', TO_DATE('2003-05-22', 'YYYY-MM-DD'), 'Can Tho', '0987654385', 'CQ', 'CNPM', 'CS2', 86, 7.1);
INSERT INTO ADMIN.SINHVIEN (MASV, HOTEN, PHAI, NGSINH, DCHI, DT, MACT, MANGANH, COSO, SOTCTL, DTBTL) VALUES ('SV0066', N'Nguyễn Văn Minh', 'Nam', TO_DATE('2004-06-23', 'YYYY-MM-DD'), 'Nha Trang', '0987654386', 'CLC', 'HTTT', 'CS2', 93, 7.8);
INSERT INTO ADMIN.SINHVIEN (MASV, HOTEN, PHAI, NGSINH, DCHI, DT, MACT, MANGANH, COSO, SOTCTL, DTBTL) VALUES ('SV0067', N'Trần Thị Ngọc', N'Nữ', TO_DATE('2002-07-24', 'YYYY-MM-DD'), 'Quang Ninh', '0987654387', 'CTTT', 'KHMT', 'CS2', 73, 6.0);
INSERT INTO ADMIN.SINHVIEN (MASV, HOTEN, PHAI, NGSINH, DCHI, DT, MACT, MANGANH, COSO, SOTCTL, DTBTL) VALUES ('SV0068', N'Lê Văn Nghĩa', 'Nam', TO_DATE('2003-08-25', 'YYYY-MM-DD'), 'Hai Duong', '0987654388', 'VP', 'TGMT', 'CS2', 81, 6.4);
INSERT INTO ADMIN.SINHVIEN (MASV, HOTEN, PHAI, NGSINH, DCHI, DT, MACT, MANGANH, COSO, SOTCTL, DTBTL) VALUES ('SV0069', N'Phạm Thị Nguyệt', N'Nữ', TO_DATE('2004-09-26', 'YYYY-MM-DD'), 'Bac Ninh', '0987654389', 'CQ', 'MMT', 'CS2', 76, 6.5);
INSERT INTO ADMIN.SINHVIEN (MASV, HOTEN, PHAI, NGSINH, DCHI, DT, MACT, MANGANH, COSO, SOTCTL, DTBTL) VALUES ('SV0070', N'Hoàng Văn Phúc', 'Nam', TO_DATE('2002-10-27', 'YYYY-MM-DD'), 'Thai Binh', '0987654390', 'CLC', 'CNPM', 'CS2', 88, 7.4);
INSERT INTO ADMIN.SINHVIEN (MASV, HOTEN, PHAI, NGSINH, DCHI, DT, MACT, MANGANH, COSO, SOTCTL, DTBTL) VALUES ('SV0071', N'Nguyễn Thị Phương', N'Nữ', TO_DATE('2002-11-28', 'YYYY-MM-DD'), 'Ha Noi', '0987654391', 'CTTT', 'HTTT', 'CS2', 77, 7.2);
INSERT INTO ADMIN.SINHVIEN (MASV, HOTEN, PHAI, NGSINH, DCHI, DT, MACT, MANGANH, COSO, SOTCTL, DTBTL) VALUES ('SV0072', N'Trần Văn Quang', 'Nam', TO_DATE('2003-12-29', 'YYYY-MM-DD'), 'Hai Phong', '0987654392', 'VP', 'KHMT', 'CS2', 78, 6.3);
INSERT INTO ADMIN.SINHVIEN (MASV, HOTEN, PHAI, NGSINH, DCHI, DT, MACT, MANGANH, COSO, SOTCTL, DTBTL) VALUES ('SV0073', N'Lê Thị Quỳnh', N'Nữ', TO_DATE('2004-01-30', 'YYYY-MM-DD'), 'Da Nang', '0987654393', 'CQ', 'TGMT', 'CS2', 67, 5.8);
INSERT INTO ADMIN.SINHVIEN (MASV, HOTEN, PHAI, NGSINH, DCHI, DT, MACT, MANGANH, COSO, SOTCTL, DTBTL) VALUES ('SV0074', N'Nguyễn Văn Sáng', 'Nam', TO_DATE('2002-02-17', 'YYYY-MM-DD'), 'Hue', '0987654394', 'CLC', 'MMT', 'CS2', 81, 6.9);
INSERT INTO ADMIN.SINHVIEN (MASV, HOTEN, PHAI, NGSINH, DCHI, DT, MACT, MANGANH, COSO, SOTCTL, DTBTL) VALUES ('SV0075', N'Trần Thị Sương', N'Nữ', TO_DATE('2003-03-01', 'YYYY-MM-DD'), 'Can Tho', '0987654395', 'CTTT', 'CNPM', 'CS2', 85, 7.1);
INSERT INTO ADMIN.SINHVIEN (MASV, HOTEN, PHAI, NGSINH, DCHI, DT, MACT, MANGANH, COSO, SOTCTL, DTBTL) VALUES ('SV0076', N'Hoàng Văn Tâm', 'Nam', TO_DATE('2004-04-02', 'YYYY-MM-DD'), 'Nha Trang', '0987654396', 'VP', 'HTTT', 'CS2', 92, 7.8);
INSERT INTO ADMIN.SINHVIEN (MASV, HOTEN, PHAI, NGSINH, DCHI, DT, MACT, MANGANH, COSO, SOTCTL, DTBTL) VALUES ('SV0077', N'Nguyễn Thị Tâm', N'Nữ', TO_DATE('2002-05-03', 'YYYY-MM-DD'), 'Quang Ninh', '0987654397', 'CQ', 'KHMT', 'CS2', 71, 6.1);
INSERT INTO ADMIN.SINHVIEN (MASV, HOTEN, PHAI, NGSINH, DCHI, DT, MACT, MANGANH, COSO, SOTCTL, DTBTL) VALUES ('SV0078', N'Lê Văn Tâm', 'Nam', TO_DATE('2003-06-04', 'YYYY-MM-DD'), 'Hai Duong', '0987654398', 'CLC', 'TGMT', 'CS2', 83, 6.6);
INSERT INTO ADMIN.SINHVIEN (MASV, HOTEN, PHAI, NGSINH, DCHI, DT, MACT, MANGANH, COSO, SOTCTL, DTBTL) VALUES ('SV0079', N'Trần Thị Thanh', N'Nữ', TO_DATE('2004-07-05', 'YYYY-MM-DD'), 'Bac Ninh', '0987654399', 'CTTT', 'MMT', 'CS2', 75, 6.5);
INSERT INTO ADMIN.SINHVIEN (MASV, HOTEN, PHAI, NGSINH, DCHI, DT, MACT, MANGANH, COSO, SOTCTL, DTBTL) VALUES ('SV0080', N'Hoàng Văn Thắng', 'Nam', TO_DATE('2002-08-06', 'YYYY-MM-DD'), 'Thai Binh', '0987654400', 'VP', 'CNPM', 'CS2', 88, 7.4);
INSERT INTO ADMIN.SINHVIEN (MASV, HOTEN, PHAI, NGSINH, DCHI, DT, MACT, MANGANH, COSO, SOTCTL, DTBTL) VALUES ('SV0081', N'Nguyễn Thị Thu', N'Nữ', TO_DATE('2002-09-07', 'YYYY-MM-DD'), 'Ha Noi', '0987654401', 'CQ', 'HTTT', 'CS2', 79, 7.2);
INSERT INTO ADMIN.SINHVIEN (MASV, HOTEN, PHAI, NGSINH, DCHI, DT, MACT, MANGANH, COSO, SOTCTL, DTBTL) VALUES ('SV0082', N'Trần Văn Thanh', 'Nam', TO_DATE('2003-10-08', 'YYYY-MM-DD'), 'Hai Phong', '0987654402', 'CLC', 'KHMT', 'CS2', 75, 6.2);
INSERT INTO ADMIN.SINHVIEN (MASV, HOTEN, PHAI, NGSINH, DCHI, DT, MACT, MANGANH, COSO, SOTCTL, DTBTL) VALUES ('SV0083', N'Lê Thị Thúy', N'Nữ', TO_DATE('2004-11-09', 'YYYY-MM-DD'), 'Da Nang', '0987654403', 'CTTT', 'TGMT', 'CS2', 65, 5.7);
INSERT INTO ADMIN.SINHVIEN (MASV, HOTEN, PHAI, NGSINH, DCHI, DT, MACT, MANGANH, COSO, SOTCTL, DTBTL) VALUES ('SV0084', N'Nguyễn Văn Tiến', 'Nam', TO_DATE('2002-12-10', 'YYYY-MM-DD'), 'Hue', '0987654404', 'VP', 'MMT', 'CS2', 83, 6.9);
INSERT INTO ADMIN.SINHVIEN (MASV, HOTEN, PHAI, NGSINH, DCHI, DT, MACT, MANGANH, COSO, SOTCTL, DTBTL) VALUES ('SV0085', N'Trần Thị Trâm', N'Nữ', TO_DATE('2003-01-11', 'YYYY-MM-DD'), 'Can Tho', '0987654405', 'CQ', 'CNPM', 'CS2', 86, 7.0);
INSERT INTO ADMIN.SINHVIEN (MASV, HOTEN, PHAI, NGSINH, DCHI, DT, MACT, MANGANH, COSO, SOTCTL, DTBTL) VALUES ('SV0086', N'Lê Văn Trang', 'Nam', TO_DATE('2004-02-12', 'YYYY-MM-DD'), 'Nha Trang', '0987654406', 'CLC', 'HTTT', 'CS2', 91, 7.8);
INSERT INTO ADMIN.SINHVIEN (MASV, HOTEN, PHAI, NGSINH, DCHI, DT, MACT, MANGANH, COSO, SOTCTL, DTBTL) VALUES ('SV0087', N'Phạm Thị Trinh', N'Nữ', TO_DATE('2002-03-13', 'YYYY-MM-DD'), 'Quang Ninh', '0987654407', 'CTTT', 'KHMT', 'CS2', 67, 5.9);
INSERT INTO ADMIN.SINHVIEN (MASV, HOTEN, PHAI, NGSINH, DCHI, DT, MACT, MANGANH, COSO, SOTCTL, DTBTL) VALUES ('SV0088', N'Hoàng Văn Trọng', 'Nam', TO_DATE('2003-04-14', 'YYYY-MM-DD'), 'Hai Duong', '0987654408', 'VP', 'TGMT', 'CS2', 84, 6.6);
INSERT INTO ADMIN.SINHVIEN (MASV, HOTEN, PHAI, NGSINH, DCHI, DT, MACT, MANGANH, COSO, SOTCTL, DTBTL) VALUES ('SV0089', N'Nguyễn Thị Tuyết', N'Nữ', TO_DATE('2004-05-15', 'YYYY-MM-DD'), 'Bac Ninh', '0987654409', 'CQ', 'MMT', 'CS2', 76, 6.4);
INSERT INTO ADMIN.SINHVIEN (MASV, HOTEN, PHAI, NGSINH, DCHI, DT, MACT, MANGANH, COSO, SOTCTL, DTBTL) VALUES ('SV0090', N'Trần Văn Tùng', 'Nam', TO_DATE('2002-06-16', 'YYYY-MM-DD'), 'Thai Binh', '0987654410', 'CLC', 'CNPM', 'CS2', 87, 7.2);
INSERT INTO ADMIN.SINHVIEN (MASV, HOTEN, PHAI, NGSINH, DCHI, DT, MACT, MANGANH, COSO, SOTCTL, DTBTL) VALUES ('SV0091', N'Lê Thị Uyên', N'Nữ', TO_DATE('2002-07-17', 'YYYY-MM-DD'), 'Ha Noi', '0987654411', 'CTTT', 'HTTT', 'CS2', 78, 7.3);
INSERT INTO ADMIN.SINHVIEN (MASV, HOTEN, PHAI, NGSINH, DCHI, DT, MACT, MANGANH, COSO, SOTCTL, DTBTL) VALUES ('SV0092', N'Nguyễn Văn Vượng', 'Nam', TO_DATE('2003-08-18', 'YYYY-MM-DD'), 'Hai Phong', '0987654412', 'VP', 'KHMT', 'CS2', 79, 6.3);
INSERT INTO ADMIN.SINHVIEN (MASV, HOTEN, PHAI, NGSINH, DCHI, DT, MACT, MANGANH, COSO, SOTCTL, DTBTL) VALUES ('SV0093', N'Trần Thị Xuân', N'Nữ', TO_DATE('2004-09-19', 'YYYY-MM-DD'), 'Da Nang', '0987654413', 'CQ', 'TGMT', 'CS2', 67, 5.8);
INSERT INTO ADMIN.SINHVIEN (MASV, HOTEN, PHAI, NGSINH, DCHI, DT, MACT, MANGANH, COSO, SOTCTL, DTBTL) VALUES ('SV0094', N'Lê Văn Y', 'Nam', TO_DATE('2002-10-20', 'YYYY-MM-DD'), 'Hue', '0987654414', 'CLC', 'MMT', 'CS2', 82, 6.9);
INSERT INTO ADMIN.SINHVIEN (MASV, HOTEN, PHAI, NGSINH, DCHI, DT, MACT, MANGANH, COSO, SOTCTL, DTBTL) VALUES ('SV0095', N'Phạm Thị Yến', N'Nữ', TO_DATE('2003-11-21', 'YYYY-MM-DD'), 'Can Tho', '0987654415', 'CTTT', 'CNPM', 'CS2', 85, 7.0);
INSERT INTO ADMIN.SINHVIEN (MASV, HOTEN, PHAI, NGSINH, DCHI, DT, MACT, MANGANH, COSO, SOTCTL, DTBTL) VALUES ('SV0096', N'Hoàng Văn Dương', 'Nam', TO_DATE('2004-12-22', 'YYYY-MM-DD'), 'Nha Trang', '0987654416', 'VP', 'HTTT', 'CS2', 91, 7.8);
INSERT INTO ADMIN.SINHVIEN (MASV, HOTEN, PHAI, NGSINH, DCHI, DT, MACT, MANGANH, COSO, SOTCTL, DTBTL) VALUES ('SV0097', N'Nguyễn Thị Điệp', N'Nữ', TO_DATE('2002-01-23', 'YYYY-MM-DD'), 'Quang Ninh', '0987654417', 'CQ', 'KHMT', 'CS2', 67, 5.9);
INSERT INTO ADMIN.SINHVIEN (MASV, HOTEN, PHAI, NGSINH, DCHI, DT, MACT, MANGANH, COSO, SOTCTL, DTBTL) VALUES ('SV0098', N'Trần Văn Đức', 'Nam', TO_DATE('2003-02-24', 'YYYY-MM-DD'), 'Hai Duong', '0987654418', 'CLC', 'TGMT', 'CS2', 84, 6.6);
INSERT INTO ADMIN.SINHVIEN (MASV, HOTEN, PHAI, NGSINH, DCHI, DT, MACT, MANGANH, COSO, SOTCTL, DTBTL) VALUES ('SV0099', N'Lê Thị Đào', N'Nữ', TO_DATE('2004-03-25', 'YYYY-MM-DD'), 'Bac Ninh', '0987654419', 'CTTT', 'MMT', 'CS2', 75, 6.4);
INSERT INTO ADMIN.SINHVIEN (MASV, HOTEN, PHAI, NGSINH, DCHI, DT, MACT, MANGANH, COSO, SOTCTL, DTBTL) VALUES ('SV0100', N'Nguyễn Văn Đông', 'Nam', TO_DATE('2002-04-26', 'YYYY-MM-DD'), 'Thai Binh', '0987654420', 'VP', 'CNPM', 'CS2', 87, 7.2);

---------------------------ADMIN.DANGKY
--CQ
INSERT INTO ADMIN.DANGKY (MASV, MAGV, MAHP, HK, NAM, MACT, DIEMTHI, DIEMQT, DIEMCK, DIEMTK) VALUES ('SV0001', 'NV040', 'HP001', 1, '2024', 'CQ', 8, 7, 8.5, 7.25);
INSERT INTO ADMIN.DANGKY (MASV, MAGV, MAHP, HK, NAM, MACT, DIEMTHI, DIEMQT, DIEMCK, DIEMTK) VALUES ('SV0001', 'NV028', 'HP003', 1, '2024', 'CQ', 9, 8, 7.5, 8.15);
INSERT INTO ADMIN.DANGKY (MASV, MAGV, MAHP, HK, NAM, MACT, DIEMTHI, DIEMQT, DIEMCK, DIEMTK) VALUES ('SV0001', 'NV032', 'HP005', 1, '2024', 'CQ', 7.5, 6, 6.5, 6.6);

INSERT INTO ADMIN.DANGKY (MASV, MAGV, MAHP, HK, NAM, MACT, DIEMTHI, DIEMQT, DIEMCK, DIEMTK) VALUES ('SV0005', 'NV040', 'HP001', 1, '2024', 'CQ', 8.5, 9, 8, 8.55);
INSERT INTO ADMIN.DANGKY (MASV, MAGV, MAHP, HK, NAM, MACT, DIEMTHI, DIEMQT, DIEMCK, DIEMTK) VALUES ('SV0005', 'NV028', 'HP003', 1, '2024', 'CQ', 6, 7.5, 7, 6.9);
INSERT INTO ADMIN.DANGKY (MASV, MAGV, MAHP, HK, NAM, MACT, DIEMTHI, DIEMQT, DIEMCK, DIEMTK) VALUES ('SV0005', 'NV032', 'HP005', 1, '2024', 'CQ', 9, 8.5, 9.5, 8.95);

INSERT INTO ADMIN.DANGKY (MASV, MAGV, MAHP, HK, NAM, MACT, DIEMTHI, DIEMQT, DIEMCK, DIEMTK) VALUES ('SV0009', 'NV040', 'HP001', 1, '2024', 'CQ', 7, 6.5, 8, 7.1);
INSERT INTO ADMIN.DANGKY (MASV, MAGV, MAHP, HK, NAM, MACT, DIEMTHI, DIEMQT, DIEMCK, DIEMTK) VALUES ('SV0009', 'NV028', 'HP003', 1, '2024', 'CQ', 8.5, 7, 7.7, 7.6);
INSERT INTO ADMIN.DANGKY (MASV, MAGV, MAHP, HK, NAM, MACT, DIEMTHI, DIEMQT, DIEMCK, DIEMTK) VALUES ('SV0009', 'NV032', 'HP005', 1, '2024', 'CQ', 6.5, 7, 6, 6.55);

INSERT INTO ADMIN.DANGKY (MASV, MAGV, MAHP, HK, NAM, MACT, DIEMTHI, DIEMQT, DIEMCK, DIEMTK) VALUES ('SV0013', 'NV040', 'HP001', 1, '2024', 'CQ', 8.5, 9, 8, 8.55);
INSERT INTO ADMIN.DANGKY (MASV, MAGV, MAHP, HK, NAM, MACT, DIEMTHI, DIEMQT, DIEMCK, DIEMTK) VALUES ('SV0013', 'NV028', 'HP003', 1, '2024', 'CQ', 6, 7.5, 7, 6.9);
INSERT INTO ADMIN.DANGKY (MASV, MAGV, MAHP, HK, NAM, MACT, DIEMTHI, DIEMQT, DIEMCK, DIEMTK) VALUES ('SV0013', 'NV032', 'HP005', 1, '2024', 'CQ', 9, 8.5, 9.5, 8.95);

INSERT INTO ADMIN.DANGKY (MASV, MAGV, MAHP, HK, NAM, MACT, DIEMTHI, DIEMQT, DIEMCK, DIEMTK) VALUES ('SV0017', 'NV040', 'HP001', 1, '2024', 'CQ', 7, 6, 6.5, 6.45);
INSERT INTO ADMIN.DANGKY (MASV, MAGV, MAHP, HK, NAM, MACT, DIEMTHI, DIEMQT, DIEMCK, DIEMTK) VALUES ('SV0017', 'NV028', 'HP003', 1, '2024', 'CQ', 8.5, 7.5, 9, 8.25);
INSERT INTO ADMIN.DANGKY (MASV, MAGV, MAHP, HK, NAM, MACT, DIEMTHI, DIEMQT, DIEMCK, DIEMTK) VALUES ('SV0017', 'NV032', 'HP005', 1, '2024', 'CQ', 7.5, 7.5, 7.5, 7.5);

INSERT INTO ADMIN.DANGKY (MASV, MAGV, MAHP, HK, NAM, MACT, DIEMTHI, DIEMQT, DIEMCK, DIEMTK) VALUES ('SV0021', 'NV040', 'HP001', 1, '2024', 'CQ', 7, 6, 6.5, 6.45);
INSERT INTO ADMIN.DANGKY (MASV, MAGV, MAHP, HK, NAM, MACT, DIEMTHI, DIEMQT, DIEMCK, DIEMTK) VALUES ('SV0021', 'NV028', 'HP003', 1, '2024', 'CQ', 8.5, 7.5, 9, 8.25);
INSERT INTO ADMIN.DANGKY (MASV, MAGV, MAHP, HK, NAM, MACT, DIEMTHI, DIEMQT, DIEMCK, DIEMTK) VALUES ('SV0021', 'NV032', 'HP005', 1, '2024', 'CQ', 7.5, 7.5, 7.5, 7.5);

INSERT INTO ADMIN.DANGKY (MASV, MAGV, MAHP, HK, NAM, MACT, DIEMTHI, DIEMQT, DIEMCK, DIEMTK) VALUES ('SV0025', 'NV040', 'HP001', 1, '2024', 'CQ', 9, 9, 9, 9);
INSERT INTO ADMIN.DANGKY (MASV, MAGV, MAHP, HK, NAM, MACT, DIEMTHI, DIEMQT, DIEMCK, DIEMTK) VALUES ('SV0025', 'NV028', 'HP003', 1, '2024', 'CQ', 7.5, 8.5, 7.5, 7.9);
INSERT INTO ADMIN.DANGKY (MASV, MAGV, MAHP, HK, NAM, MACT, DIEMTHI, DIEMQT, DIEMCK, DIEMTK) VALUES ('SV0025', 'NV032', 'HP005', 1, '2024', 'CQ', 8.5, 9, 9.5, 9);

INSERT INTO ADMIN.DANGKY (MASV, MAGV, MAHP, HK, NAM, MACT, DIEMTHI, DIEMQT, DIEMCK, DIEMTK) VALUES ('SV0029', 'NV040', 'HP001', 1, '2024', 'CQ', 7, 6, 6.5, 6.45);
INSERT INTO ADMIN.DANGKY (MASV, MAGV, MAHP, HK, NAM, MACT, DIEMTHI, DIEMQT, DIEMCK, DIEMTK) VALUES ('SV0029', 'NV028', 'HP003', 1, '2024', 'CQ', 8.5, 7.5, 9, 8.25);
INSERT INTO ADMIN.DANGKY (MASV, MAGV, MAHP, HK, NAM, MACT, DIEMTHI, DIEMQT, DIEMCK, DIEMTK) VALUES ('SV0029', 'NV032', 'HP005', 1, '2024', 'CQ', 7.5, 7.5, 7.5, 7.5);

INSERT INTO ADMIN.DANGKY (MASV, MAGV, MAHP, HK, NAM, MACT, DIEMTHI, DIEMQT, DIEMCK, DIEMTK) VALUES ('SV0033', 'NV040', 'HP001', 1, '2024', 'CQ', 9, 9, 9, 9);
INSERT INTO ADMIN.DANGKY (MASV, MAGV, MAHP, HK, NAM, MACT, DIEMTHI, DIEMQT, DIEMCK, DIEMTK) VALUES ('SV0033', 'NV028', 'HP003', 1, '2024', 'CQ', 7.5, 8.5, 7.5, 7.9);
INSERT INTO ADMIN.DANGKY (MASV, MAGV, MAHP, HK, NAM, MACT, DIEMTHI, DIEMQT, DIEMCK, DIEMTK) VALUES ('SV0033', 'NV032', 'HP005', 1, '2024', 'CQ', 8.5, 9, 9.5, 9);


INSERT INTO ADMIN.DANGKY (MASV, MAGV, MAHP, HK, NAM, MACT, DIEMTHI, DIEMQT, DIEMCK, DIEMTK) VALUES ('SV0037', 'NV040', 'HP001', 1, '2024', 'CQ', 8.5, 9, 8, 8.55);
INSERT INTO ADMIN.DANGKY (MASV, MAGV, MAHP, HK, NAM, MACT, DIEMTHI, DIEMQT, DIEMCK, DIEMTK) VALUES ('SV0037', 'NV028', 'HP003', 1, '2024', 'CQ', 6, 7.5, 7, 6.9);
INSERT INTO ADMIN.DANGKY (MASV, MAGV, MAHP, HK, NAM, MACT, DIEMTHI, DIEMQT, DIEMCK, DIEMTK) VALUES ('SV0037', 'NV032', 'HP005', 1, '2024', 'CQ', 9, 8.5, 9.5, 8.95);


INSERT INTO ADMIN.DANGKY (MASV, MAGV, MAHP, HK, NAM, MACT, DIEMTHI, DIEMQT, DIEMCK, DIEMTK) VALUES ('SV0041', 'NV040', 'HP001', 1, '2024', 'CQ', 8, 7, 8.5, 7.25);
INSERT INTO ADMIN.DANGKY (MASV, MAGV, MAHP, HK, NAM, MACT, DIEMTHI, DIEMQT, DIEMCK, DIEMTK) VALUES ('SV0041', 'NV028', 'HP003', 1, '2024', 'CQ', 9, 8, 7.5, 8.15);
INSERT INTO ADMIN.DANGKY (MASV, MAGV, MAHP, HK, NAM, MACT, DIEMTHI, DIEMQT, DIEMCK, DIEMTK) VALUES ('SV0041', 'NV032', 'HP005', 1, '2024', 'CQ', 7.5, 6, 6.5, 6.6);


INSERT INTO ADMIN.DANGKY (MASV, MAGV, MAHP, HK, NAM, MACT, DIEMTHI, DIEMQT, DIEMCK, DIEMTK) VALUES ('SV0045', 'NV040', 'HP001', 1, '2024', 'CQ', 9, 9, 9, 9);
INSERT INTO ADMIN.DANGKY (MASV, MAGV, MAHP, HK, NAM, MACT, DIEMTHI, DIEMQT, DIEMCK, DIEMTK) VALUES ('SV0045', 'NV028', 'HP003', 1, '2024', 'CQ', 7.5, 8.5, 7.5, 7.9);
INSERT INTO ADMIN.DANGKY (MASV, MAGV, MAHP, HK, NAM, MACT, DIEMTHI, DIEMQT, DIEMCK, DIEMTK) VALUES ('SV0045', 'NV032', 'HP005', 1, '2024', 'CQ', 8.5, 9, 9.5, 9);


INSERT INTO ADMIN.DANGKY (MASV, MAGV, MAHP, HK, NAM, MACT, DIEMTHI, DIEMQT, DIEMCK, DIEMTK) VALUES ('SV0049', 'NV040', 'HP001', 1, '2024', 'CQ', 8.5, 9, 8, 8.55);
INSERT INTO ADMIN.DANGKY (MASV, MAGV, MAHP, HK, NAM, MACT, DIEMTHI, DIEMQT, DIEMCK, DIEMTK) VALUES ('SV0049', 'NV028', 'HP003', 1, '2024', 'CQ', 6, 7.5, 7, 6.9);
INSERT INTO ADMIN.DANGKY (MASV, MAGV, MAHP, HK, NAM, MACT, DIEMTHI, DIEMQT, DIEMCK, DIEMTK) VALUES ('SV0049', 'NV032', 'HP005', 1, '2024', 'CQ', 9, 8.5, 9.5, 8.95);


INSERT INTO ADMIN.DANGKY (MASV, MAGV, MAHP, HK, NAM, MACT, DIEMTHI, DIEMQT, DIEMCK, DIEMTK) VALUES ('SV0053', 'NV040', 'HP001', 1, '2024', 'CQ', 8.5, 9, 8, 8.55);
INSERT INTO ADMIN.DANGKY (MASV, MAGV, MAHP, HK, NAM, MACT, DIEMTHI, DIEMQT, DIEMCK, DIEMTK) VALUES ('SV0053', 'NV028', 'HP003', 1, '2024', 'CQ', 6, 7.5, 7, 6.9);
INSERT INTO ADMIN.DANGKY (MASV, MAGV, MAHP, HK, NAM, MACT, DIEMTHI, DIEMQT, DIEMCK, DIEMTK) VALUES ('SV0053', 'NV032', 'HP005', 1, '2024', 'CQ', 9, 8.5, 9.5, 8.95);

INSERT INTO ADMIN.DANGKY (MASV, MAGV, MAHP, HK, NAM, MACT, DIEMTHI, DIEMQT, DIEMCK, DIEMTK) VALUES ('SV0057', 'NV040', 'HP001', 1, '2024', 'CQ', 8.5, 9, 8, 8.55);
INSERT INTO ADMIN.DANGKY (MASV, MAGV, MAHP, HK, NAM, MACT, DIEMTHI, DIEMQT, DIEMCK, DIEMTK) VALUES ('SV0057', 'NV028', 'HP003', 1, '2024', 'CQ', 6, 7.5, 7, 6.9);
INSERT INTO ADMIN.DANGKY (MASV, MAGV, MAHP, HK, NAM, MACT, DIEMTHI, DIEMQT, DIEMCK, DIEMTK) VALUES ('SV0057', 'NV032', 'HP005', 1, '2024', 'CQ', 9, 8.5, 9.5, 8.95);


INSERT INTO ADMIN.DANGKY (MASV, MAGV, MAHP, HK, NAM, MACT, DIEMTHI, DIEMQT, DIEMCK, DIEMTK) VALUES ('SV0061', 'NV040', 'HP001', 1, '2024', 'CQ', 9, 9, 9, 9);
INSERT INTO ADMIN.DANGKY (MASV, MAGV, MAHP, HK, NAM, MACT, DIEMTHI, DIEMQT, DIEMCK, DIEMTK) VALUES ('SV0061', 'NV028', 'HP003', 1, '2024', 'CQ', 7.5, 8.5, 7.5, 7.9);
INSERT INTO ADMIN.DANGKY (MASV, MAGV, MAHP, HK, NAM, MACT, DIEMTHI, DIEMQT, DIEMCK, DIEMTK) VALUES ('SV0061', 'NV032', 'HP005', 1, '2024', 'CQ', 8.5, 9, 9.5, 9);


INSERT INTO ADMIN.DANGKY (MASV, MAGV, MAHP, HK, NAM, MACT, DIEMTHI, DIEMQT, DIEMCK, DIEMTK) VALUES ('SV0065', 'NV040', 'HP001', 1, '2024', 'CQ', 7, 6, 6.5, 6.45);
INSERT INTO ADMIN.DANGKY (MASV, MAGV, MAHP, HK, NAM, MACT, DIEMTHI, DIEMQT, DIEMCK, DIEMTK) VALUES ('SV0065', 'NV028', 'HP003', 1, '2024', 'CQ', 8.5, 7.5, 9, 8.25);
INSERT INTO ADMIN.DANGKY (MASV, MAGV, MAHP, HK, NAM, MACT, DIEMTHI, DIEMQT, DIEMCK, DIEMTK) VALUES ('SV0065', 'NV032', 'HP005', 1, '2024', 'CQ', 7.5, 7.5, 7.5, 7.5);

INSERT INTO ADMIN.DANGKY (MASV, MAGV, MAHP, HK, NAM, MACT, DIEMTHI, DIEMQT, DIEMCK, DIEMTK) VALUES ('SV0069', 'NV040', 'HP001', 1, '2024', 'CQ', 8, 7, 8.5, 7.25);
INSERT INTO ADMIN.DANGKY (MASV, MAGV, MAHP, HK, NAM, MACT, DIEMTHI, DIEMQT, DIEMCK, DIEMTK) VALUES ('SV0069', 'NV028', 'HP003', 1, '2024', 'CQ', 9, 8, 7.5, 8.15);
INSERT INTO ADMIN.DANGKY (MASV, MAGV, MAHP, HK, NAM, MACT, DIEMTHI, DIEMQT, DIEMCK, DIEMTK) VALUES ('SV0069', 'NV032', 'HP005', 1, '2024', 'CQ', 7.5, 6, 6.5, 6.6);

INSERT INTO ADMIN.DANGKY (MASV, MAGV, MAHP, HK, NAM, MACT, DIEMTHI, DIEMQT, DIEMCK, DIEMTK) VALUES ('SV0073', 'NV040', 'HP001', 1, '2024', 'CQ', 7, 6, 6.5, 6.45);
INSERT INTO ADMIN.DANGKY (MASV, MAGV, MAHP, HK, NAM, MACT, DIEMTHI, DIEMQT, DIEMCK, DIEMTK) VALUES ('SV0073', 'NV028', 'HP003', 1, '2024', 'CQ', 8.5, 7.5, 9, 8.25);
INSERT INTO ADMIN.DANGKY (MASV, MAGV, MAHP, HK, NAM, MACT, DIEMTHI, DIEMQT, DIEMCK, DIEMTK) VALUES ('SV0073', 'NV032', 'HP005', 1, '2024', 'CQ', 7.5, 7.5, 7.5, 7.5);

INSERT INTO ADMIN.DANGKY (MASV, MAGV, MAHP, HK, NAM, MACT, DIEMTHI, DIEMQT, DIEMCK, DIEMTK) VALUES ('SV0077', 'NV040', 'HP001', 1, '2024', 'CQ', 8.5, 9, 8, 8.55);
INSERT INTO ADMIN.DANGKY (MASV, MAGV, MAHP, HK, NAM, MACT, DIEMTHI, DIEMQT, DIEMCK, DIEMTK) VALUES ('SV0077', 'NV028', 'HP003', 1, '2024', 'CQ', 6, 7.5, 7, 6.9);
INSERT INTO ADMIN.DANGKY (MASV, MAGV, MAHP, HK, NAM, MACT, DIEMTHI, DIEMQT, DIEMCK, DIEMTK) VALUES ('SV0077', 'NV032', 'HP005', 1, '2024', 'CQ', 9, 8.5, 9.5, 8.95);

INSERT INTO ADMIN.DANGKY (MASV, MAGV, MAHP, HK, NAM, MACT, DIEMTHI, DIEMQT, DIEMCK, DIEMTK) VALUES ('SV0081', 'NV040', 'HP001', 1, '2024', 'CQ', 7, 6, 6.5, 6.45);
INSERT INTO ADMIN.DANGKY (MASV, MAGV, MAHP, HK, NAM, MACT, DIEMTHI, DIEMQT, DIEMCK, DIEMTK) VALUES ('SV0081', 'NV028', 'HP003', 1, '2024', 'CQ', 8.5, 7.5, 9, 8.25);
INSERT INTO ADMIN.DANGKY (MASV, MAGV, MAHP, HK, NAM, MACT, DIEMTHI, DIEMQT, DIEMCK, DIEMTK) VALUES ('SV0081', 'NV032', 'HP005', 1, '2024', 'CQ', 7.5, 7.5, 7.5, 7.5);

INSERT INTO ADMIN.DANGKY (MASV, MAGV, MAHP, HK, NAM, MACT, DIEMTHI, DIEMQT, DIEMCK, DIEMTK) VALUES ('SV0085', 'NV040', 'HP001', 1, '2024', 'CQ', 7, 6.5, 8, 7.1);
INSERT INTO ADMIN.DANGKY (MASV, MAGV, MAHP, HK, NAM, MACT, DIEMTHI, DIEMQT, DIEMCK, DIEMTK) VALUES ('SV0085', 'NV028', 'HP003', 1, '2024', 'CQ', 8.5, 7, 7.7, 7.6);
INSERT INTO ADMIN.DANGKY (MASV, MAGV, MAHP, HK, NAM, MACT, DIEMTHI, DIEMQT, DIEMCK, DIEMTK) VALUES ('SV0085', 'NV032', 'HP005', 1, '2024', 'CQ', 6.5, 7, 6, 6.55);


INSERT INTO ADMIN.DANGKY (MASV, MAGV, MAHP, HK, NAM, MACT, DIEMTHI, DIEMQT, DIEMCK, DIEMTK) VALUES ('SV0089', 'NV040', 'HP001', 1, '2024', 'CQ', 7, 6, 6.5, 6.45);
INSERT INTO ADMIN.DANGKY (MASV, MAGV, MAHP, HK, NAM, MACT, DIEMTHI, DIEMQT, DIEMCK, DIEMTK) VALUES ('SV0089', 'NV028', 'HP003', 1, '2024', 'CQ', 8.5, 7.5, 9, 8.25);
INSERT INTO ADMIN.DANGKY (MASV, MAGV, MAHP, HK, NAM, MACT, DIEMTHI, DIEMQT, DIEMCK, DIEMTK) VALUES ('SV0089', 'NV032', 'HP005', 1, '2024', 'CQ', 7.5, 7.5, 7.5, 7.5);


INSERT INTO ADMIN.DANGKY (MASV, MAGV, MAHP, HK, NAM, MACT, DIEMTHI, DIEMQT, DIEMCK, DIEMTK) VALUES ('SV0093', 'NV040', 'HP001', 1, '2024', 'CQ', 7, 6, 6.5, 6.45);
INSERT INTO ADMIN.DANGKY (MASV, MAGV, MAHP, HK, NAM, MACT, DIEMTHI, DIEMQT, DIEMCK, DIEMTK) VALUES ('SV0093', 'NV028', 'HP003', 1, '2024', 'CQ', 8.5, 7.5, 9, 8.25);
INSERT INTO ADMIN.DANGKY (MASV, MAGV, MAHP, HK, NAM, MACT, DIEMTHI, DIEMQT, DIEMCK, DIEMTK) VALUES ('SV0093', 'NV032', 'HP005', 1, '2024', 'CQ', 7.5, 7.5, 7.5, 7.5);

INSERT INTO ADMIN.DANGKY (MASV, MAGV, MAHP, HK, NAM, MACT, DIEMTHI, DIEMQT, DIEMCK, DIEMTK) VALUES ('SV0097', 'NV040', 'HP001', 1, '2024', 'CQ', 8.5, 9, 8, 8.55);
INSERT INTO ADMIN.DANGKY (MASV, MAGV, MAHP, HK, NAM, MACT, DIEMTHI, DIEMQT, DIEMCK, DIEMTK) VALUES ('SV0097', 'NV028', 'HP003', 1, '2024', 'CQ', 6, 7.5, 7, 6.9);
INSERT INTO ADMIN.DANGKY (MASV, MAGV, MAHP, HK, NAM, MACT, DIEMTHI, DIEMQT, DIEMCK, DIEMTK) VALUES ('SV0097', 'NV032', 'HP005', 1, '2024', 'CQ', 9, 8.5, 9.5, 8.95);

--CLC
INSERT INTO ADMIN.DANGKY (MASV, MAGV, MAHP, HK, NAM, MACT, DIEMTHI, DIEMQT, DIEMCK, DIEMTK) VALUES ('SV0002', 'NV033', 'HP005', 1, '2024', 'CLC', 8.5, 9, 8, 8.55);
INSERT INTO ADMIN.DANGKY (MASV, MAGV, MAHP, HK, NAM, MACT, DIEMTHI, DIEMQT, DIEMCK, DIEMTK) VALUES ('SV0002', 'NV037', 'HP011', 2, '2024', 'CLC', 6, 7.5, 7, 6.9);
INSERT INTO ADMIN.DANGKY (MASV, MAGV, MAHP, HK, NAM, MACT, DIEMTHI, DIEMQT, DIEMCK, DIEMTK) VALUES ('SV0002', 'NV045', 'HP007', 2, '2024', 'CLC', 9, 8.5, 9.5, 8.95);

INSERT INTO ADMIN.DANGKY (MASV, MAGV, MAHP, HK, NAM, MACT, DIEMTHI, DIEMQT, DIEMCK, DIEMTK) VALUES ('SV0006', 'NV033', 'HP005', 1, '2024', 'CLC', 8, 6.5, 7, 7.1);
INSERT INTO ADMIN.DANGKY (MASV, MAGV, MAHP, HK, NAM, MACT, DIEMTHI, DIEMQT, DIEMCK, DIEMTK) VALUES ('SV0006', 'NV037', 'HP011', 2, '2024', 'CLC', 6.5, 6, 7, 6.45);
INSERT INTO ADMIN.DANGKY (MASV, MAGV, MAHP, HK, NAM, MACT, DIEMTHI, DIEMQT, DIEMCK, DIEMTK) VALUES ('SV0006', 'NV045', 'HP007', 2, '2024', 'CLC', 8, 8, 8, 8);

INSERT INTO ADMIN.DANGKY (MASV, MAGV, MAHP, HK, NAM, MACT, DIEMTHI, DIEMQT, DIEMCK, DIEMTK) VALUES ('SV0010', 'NV033', 'HP005', 1, '2024', 'CLC', 6, 7.5, 7, 6.9);
INSERT INTO ADMIN.DANGKY (MASV, MAGV, MAHP, HK, NAM, MACT, DIEMTHI, DIEMQT, DIEMCK, DIEMTK) VALUES ('SV0010', 'NV037', 'HP011', 2, '2024', 'CLC', 8.5, 7, 7.5, 7.6);
INSERT INTO ADMIN.DANGKY (MASV, MAGV, MAHP, HK, NAM, MACT, DIEMTHI, DIEMQT, DIEMCK, DIEMTK) VALUES ('SV0010', 'NV045', 'HP007', 2, '2024', 'CLC', 9, 8, 7.5, 8.15);

INSERT INTO ADMIN.DANGKY (MASV, MAGV, MAHP, HK, NAM, MACT, DIEMTHI, DIEMQT, DIEMCK, DIEMTK) VALUES ('SV0014', 'NV033', 'HP005', 1, '2024', 'CLC', 7, 6.5, 8, 7.1);
INSERT INTO ADMIN.DANGKY (MASV, MAGV, MAHP, HK, NAM, MACT, DIEMTHI, DIEMQT, DIEMCK, DIEMTK) VALUES ('SV0014', 'NV037', 'HP011', 2, '2024', 'CLC', 8.5, 7, 7.5, 7.6);
INSERT INTO ADMIN.DANGKY (MASV, MAGV, MAHP, HK, NAM, MACT, DIEMTHI, DIEMQT, DIEMCK, DIEMTK) VALUES ('SV0014', 'NV045', 'HP007', 2, '2024', 'CLC', 6.5, 7, 6, 6.55);

INSERT INTO ADMIN.DANGKY (MASV, MAGV, MAHP, HK, NAM, MACT, DIEMTHI, DIEMQT, DIEMCK, DIEMTK) VALUES ('SV0018', 'NV033', 'HP005', 1, '2024', 'CLC', 8.5, 7.5, 9, 8.25);
INSERT INTO ADMIN.DANGKY (MASV, MAGV, MAHP, HK, NAM, MACT, DIEMTHI, DIEMQT, DIEMCK, DIEMTK) VALUES ('SV0018', 'NV037', 'HP011', 2, '2024', 'CLC', 6.5, 6, 7, 6.45);
INSERT INTO ADMIN.DANGKY (MASV, MAGV, MAHP, HK, NAM, MACT, DIEMTHI, DIEMQT, DIEMCK, DIEMTK) VALUES ('SV0018', 'NV045', 'HP007', 2, '2024', 'CLC', 9, 9, 9, 9);

INSERT INTO ADMIN.DANGKY (MASV, MAGV, MAHP, HK, NAM, MACT, DIEMTHI, DIEMQT, DIEMCK, DIEMTK) VALUES ('SV0022', 'NV033', 'HP005', 1, '2024', 'CLC', 8.5, 9, 8, 8.55);
INSERT INTO ADMIN.DANGKY (MASV, MAGV, MAHP, HK, NAM, MACT, DIEMTHI, DIEMQT, DIEMCK, DIEMTK) VALUES ('SV0022', 'NV037', 'HP011', 2, '2024', 'CLC', 6, 7.5, 7, 6.9);
INSERT INTO ADMIN.DANGKY (MASV, MAGV, MAHP, HK, NAM, MACT, DIEMTHI, DIEMQT, DIEMCK, DIEMTK) VALUES ('SV0022', 'NV045', 'HP007', 2, '2024', 'CLC', 9, 8.5, 9.5, 8.95);

INSERT INTO ADMIN.DANGKY (MASV, MAGV, MAHP, HK, NAM, MACT, DIEMTHI, DIEMQT, DIEMCK, DIEMTK) VALUES ('SV0026', 'NV033', 'HP005', 1, '2024', 'CLC', 8.5, 7.5, 9, 8.25);
INSERT INTO ADMIN.DANGKY (MASV, MAGV, MAHP, HK, NAM, MACT, DIEMTHI, DIEMQT, DIEMCK, DIEMTK) VALUES ('SV0026', 'NV037', 'HP011', 2, '2024', 'CLC', 6.5, 6, 7, 6.45);
INSERT INTO ADMIN.DANGKY (MASV, MAGV, MAHP, HK, NAM, MACT, DIEMTHI, DIEMQT, DIEMCK, DIEMTK) VALUES ('SV0026', 'NV045', 'HP007', 2, '2024', 'CLC', 9, 9, 9, 9);


INSERT INTO ADMIN.DANGKY (MASV, MAGV, MAHP, HK, NAM, MACT, DIEMTHI, DIEMQT, DIEMCK, DIEMTK) VALUES ('SV0030', 'NV033', 'HP005', 1, '2024', 'CLC', 6, 7.5, 7, 6.9);
INSERT INTO ADMIN.DANGKY (MASV, MAGV, MAHP, HK, NAM, MACT, DIEMTHI, DIEMQT, DIEMCK, DIEMTK) VALUES ('SV0030', 'NV037', 'HP011', 2, '2024', 'CLC', 8.5, 7, 7.5, 7.6);
INSERT INTO ADMIN.DANGKY (MASV, MAGV, MAHP, HK, NAM, MACT, DIEMTHI, DIEMQT, DIEMCK, DIEMTK) VALUES ('SV0030', 'NV045', 'HP007', 2, '2024', 'CLC', 9, 8, 7.5, 8.15);

INSERT INTO ADMIN.DANGKY (MASV, MAGV, MAHP, HK, NAM, MACT, DIEMTHI, DIEMQT, DIEMCK, DIEMTK) VALUES ('SV0034', 'NV033', 'HP005', 1, '2024', 'CLC', 8.5, 7.5, 9, 8.25);
INSERT INTO ADMIN.DANGKY (MASV, MAGV, MAHP, HK, NAM, MACT, DIEMTHI, DIEMQT, DIEMCK, DIEMTK) VALUES ('SV0034', 'NV037', 'HP011', 2, '2024', 'CLC', 6.5, 6, 7, 6.45);
INSERT INTO ADMIN.DANGKY (MASV, MAGV, MAHP, HK, NAM, MACT, DIEMTHI, DIEMQT, DIEMCK, DIEMTK) VALUES ('SV0034', 'NV045', 'HP007', 2, '2024', 'CLC', 9, 9, 9, 9);

INSERT INTO ADMIN.DANGKY (MASV, MAGV, MAHP, HK, NAM, MACT, DIEMTHI, DIEMQT, DIEMCK, DIEMTK) VALUES ('SV0038', 'NV033', 'HP005', 1, '2024', 'CLC', 6, 7.5, 7, 6.9);
INSERT INTO ADMIN.DANGKY (MASV, MAGV, MAHP, HK, NAM, MACT, DIEMTHI, DIEMQT, DIEMCK, DIEMTK) VALUES ('SV0038', 'NV037', 'HP011', 2, '2024', 'CLC', 8.5, 7, 7.5, 7.6);
INSERT INTO ADMIN.DANGKY (MASV, MAGV, MAHP, HK, NAM, MACT, DIEMTHI, DIEMQT, DIEMCK, DIEMTK) VALUES ('SV0038', 'NV045', 'HP007', 2, '2024', 'CLC', 9, 8, 7.5, 8.15);

INSERT INTO ADMIN.DANGKY (MASV, MAGV, MAHP, HK, NAM, MACT, DIEMTHI, DIEMQT, DIEMCK, DIEMTK) VALUES ('SV0042', 'NV033', 'HP005', 1, '2024', 'CLC', 8.5, 7.5, 9, 8.25);
INSERT INTO ADMIN.DANGKY (MASV, MAGV, MAHP, HK, NAM, MACT, DIEMTHI, DIEMQT, DIEMCK, DIEMTK) VALUES ('SV0042', 'NV037', 'HP011', 2, '2024', 'CLC', 6.5, 6, 7, 6.45);
INSERT INTO ADMIN.DANGKY (MASV, MAGV, MAHP, HK, NAM, MACT, DIEMTHI, DIEMQT, DIEMCK, DIEMTK) VALUES ('SV0042', 'NV045', 'HP007', 2, '2024', 'CLC', 9, 9, 9, 9);

INSERT INTO ADMIN.DANGKY (MASV, MAGV, MAHP, HK, NAM, MACT, DIEMTHI, DIEMQT, DIEMCK, DIEMTK) VALUES ('SV0046', 'NV033', 'HP005', 1, '2024', 'CLC', 6, 7.5, 7, 6.9);
INSERT INTO ADMIN.DANGKY (MASV, MAGV, MAHP, HK, NAM, MACT, DIEMTHI, DIEMQT, DIEMCK, DIEMTK) VALUES ('SV0046', 'NV037', 'HP011', 2, '2024', 'CLC', 8.5, 7, 7.5, 7.6);
INSERT INTO ADMIN.DANGKY (MASV, MAGV, MAHP, HK, NAM, MACT, DIEMTHI, DIEMQT, DIEMCK, DIEMTK) VALUES ('SV0046', 'NV045', 'HP007', 2, '2024', 'CLC', 9, 8, 7.5, 8.15);

INSERT INTO ADMIN.DANGKY (MASV, MAGV, MAHP, HK, NAM, MACT, DIEMTHI, DIEMQT, DIEMCK, DIEMTK) VALUES ('SV0050', 'NV033', 'HP005', 1, '2024', 'CLC', 7, 6.5, 8, 7.1);
INSERT INTO ADMIN.DANGKY (MASV, MAGV, MAHP, HK, NAM, MACT, DIEMTHI, DIEMQT, DIEMCK, DIEMTK) VALUES ('SV0050', 'NV037', 'HP011', 2, '2024', 'CLC', 8.5, 7, 7.5, 7.6);
INSERT INTO ADMIN.DANGKY (MASV, MAGV, MAHP, HK, NAM, MACT, DIEMTHI, DIEMQT, DIEMCK, DIEMTK) VALUES ('SV0050', 'NV045', 'HP007', 2, '2024', 'CLC', 6.5, 7, 6, 6.55);


INSERT INTO ADMIN.DANGKY (MASV, MAGV, MAHP, HK, NAM, MACT, DIEMTHI, DIEMQT, DIEMCK, DIEMTK) VALUES ('SV0054', 'NV033', 'HP005', 1, '2024', 'CLC', 6, 7.5, 7, 6.9);
INSERT INTO ADMIN.DANGKY (MASV, MAGV, MAHP, HK, NAM, MACT, DIEMTHI, DIEMQT, DIEMCK, DIEMTK) VALUES ('SV0054', 'NV037', 'HP011', 2, '2024', 'CLC', 8.5, 7, 7.5, 7.6);
INSERT INTO ADMIN.DANGKY (MASV, MAGV, MAHP, HK, NAM, MACT, DIEMTHI, DIEMQT, DIEMCK, DIEMTK) VALUES ('SV0054', 'NV045', 'HP007', 2, '2024', 'CLC', 9, 8, 7.5, 8.15);

INSERT INTO ADMIN.DANGKY (MASV, MAGV, MAHP, HK, NAM, MACT, DIEMTHI, DIEMQT, DIEMCK, DIEMTK) VALUES ('SV0058', 'NV033', 'HP005', 1, '2024', 'CLC', 7, 6.5, 8, 7.1);
INSERT INTO ADMIN.DANGKY (MASV, MAGV, MAHP, HK, NAM, MACT, DIEMTHI, DIEMQT, DIEMCK, DIEMTK) VALUES ('SV0058', 'NV037', 'HP011', 2, '2024', 'CLC', 8.5, 7, 7.5, 7.6);
INSERT INTO ADMIN.DANGKY (MASV, MAGV, MAHP, HK, NAM, MACT, DIEMTHI, DIEMQT, DIEMCK, DIEMTK) VALUES ('SV0058', 'NV045', 'HP007', 2, '2024', 'CLC', 6.5, 7, 6, 6.55);

INSERT INTO ADMIN.DANGKY (MASV, MAGV, MAHP, HK, NAM, MACT, DIEMTHI, DIEMQT, DIEMCK, DIEMTK) VALUES ('SV0062', 'NV033', 'HP005', 1, '2024', 'CLC', 8.5, 7.5, 9, 8.25);
INSERT INTO ADMIN.DANGKY (MASV, MAGV, MAHP, HK, NAM, MACT, DIEMTHI, DIEMQT, DIEMCK, DIEMTK) VALUES ('SV0062', 'NV037', 'HP011', 2, '2024', 'CLC', 6.5, 6, 7, 6.45);
INSERT INTO ADMIN.DANGKY (MASV, MAGV, MAHP, HK, NAM, MACT, DIEMTHI, DIEMQT, DIEMCK, DIEMTK) VALUES ('SV0062', 'NV045', 'HP007', 2, '2024', 'CLC', 9, 9, 9, 9);

INSERT INTO ADMIN.DANGKY (MASV, MAGV, MAHP, HK, NAM, MACT, DIEMTHI, DIEMQT, DIEMCK, DIEMTK) VALUES ('SV0066', 'NV033', 'HP005', 1, '2024', 'CLC', 8.5, 7.5, 9, 8.25);
INSERT INTO ADMIN.DANGKY (MASV, MAGV, MAHP, HK, NAM, MACT, DIEMTHI, DIEMQT, DIEMCK, DIEMTK) VALUES ('SV0066', 'NV037', 'HP011', 2, '2024', 'CLC', 6.5, 6, 7, 6.45);
INSERT INTO ADMIN.DANGKY (MASV, MAGV, MAHP, HK, NAM, MACT, DIEMTHI, DIEMQT, DIEMCK, DIEMTK) VALUES ('SV0066', 'NV045', 'HP007', 2, '2024', 'CLC', 9, 9, 9, 9);

INSERT INTO ADMIN.DANGKY (MASV, MAGV, MAHP, HK, NAM, MACT, DIEMTHI, DIEMQT, DIEMCK, DIEMTK) VALUES ('SV0070', 'NV033', 'HP005', 1, '2024', 'CLC', 6, 7.5, 7, 6.9);
INSERT INTO ADMIN.DANGKY (MASV, MAGV, MAHP, HK, NAM, MACT, DIEMTHI, DIEMQT, DIEMCK, DIEMTK) VALUES ('SV0070', 'NV037', 'HP011', 2, '2024', 'CLC', 8.5, 7, 7.5, 7.6);
INSERT INTO ADMIN.DANGKY (MASV, MAGV, MAHP, HK, NAM, MACT, DIEMTHI, DIEMQT, DIEMCK, DIEMTK) VALUES ('SV0070', 'NV045', 'HP007', 2, '2024', 'CLC', 9, 8, 7.5, 8.15);

INSERT INTO ADMIN.DANGKY (MASV, MAGV, MAHP, HK, NAM, MACT, DIEMTHI, DIEMQT, DIEMCK, DIEMTK) VALUES ('SV0074', 'NV033', 'HP005', 1, '2024', 'CLC', 7, 6.5, 8, 7.1);
INSERT INTO ADMIN.DANGKY (MASV, MAGV, MAHP, HK, NAM, MACT, DIEMTHI, DIEMQT, DIEMCK, DIEMTK) VALUES ('SV0074', 'NV037', 'HP011', 2, '2024', 'CLC', 8.5, 7, 7.5, 7.6);
INSERT INTO ADMIN.DANGKY (MASV, MAGV, MAHP, HK, NAM, MACT, DIEMTHI, DIEMQT, DIEMCK, DIEMTK) VALUES ('SV0074', 'NV045', 'HP007', 2, '2024', 'CLC', 6.5, 7, 6, 6.55);

INSERT INTO ADMIN.DANGKY (MASV, MAGV, MAHP, HK, NAM, MACT, DIEMTHI, DIEMQT, DIEMCK, DIEMTK) VALUES ('SV0078', 'NV033', 'HP005', 1, '2024', 'CLC', 6, 7.5, 7, 6.9);
INSERT INTO ADMIN.DANGKY (MASV, MAGV, MAHP, HK, NAM, MACT, DIEMTHI, DIEMQT, DIEMCK, DIEMTK) VALUES ('SV0078', 'NV037', 'HP011', 2, '2024', 'CLC', 8.5, 7, 7.5, 7.6);
INSERT INTO ADMIN.DANGKY (MASV, MAGV, MAHP, HK, NAM, MACT, DIEMTHI, DIEMQT, DIEMCK, DIEMTK) VALUES ('SV0078', 'NV045', 'HP007', 2, '2024', 'CLC', 9, 8, 7.5, 8.15);

INSERT INTO ADMIN.DANGKY (MASV, MAGV, MAHP, HK, NAM, MACT, DIEMTHI, DIEMQT, DIEMCK, DIEMTK) VALUES ('SV0082', 'NV033', 'HP005', 1, '2024', 'CLC', 8.5, 7.5, 9, 8.25);
INSERT INTO ADMIN.DANGKY (MASV, MAGV, MAHP, HK, NAM, MACT, DIEMTHI, DIEMQT, DIEMCK, DIEMTK) VALUES ('SV0082', 'NV037', 'HP011', 2, '2024', 'CLC', 6.5, 6, 7, 6.45);
INSERT INTO ADMIN.DANGKY (MASV, MAGV, MAHP, HK, NAM, MACT, DIEMTHI, DIEMQT, DIEMCK, DIEMTK) VALUES ('SV0082', 'NV045', 'HP007', 2, '2024', 'CLC', 9, 9, 9, 9);

INSERT INTO ADMIN.DANGKY (MASV, MAGV, MAHP, HK, NAM, MACT, DIEMTHI, DIEMQT, DIEMCK, DIEMTK) VALUES ('SV0086', 'NV033', 'HP005', 1, '2024', 'CLC', 6, 7.5, 7, 6.9);
INSERT INTO ADMIN.DANGKY (MASV, MAGV, MAHP, HK, NAM, MACT, DIEMTHI, DIEMQT, DIEMCK, DIEMTK) VALUES ('SV0086', 'NV037', 'HP011', 2, '2024', 'CLC', 8.5, 7, 7.5, 7.6);
INSERT INTO ADMIN.DANGKY (MASV, MAGV, MAHP, HK, NAM, MACT, DIEMTHI, DIEMQT, DIEMCK, DIEMTK) VALUES ('SV0086', 'NV045', 'HP007', 2, '2024', 'CLC', 9, 8, 7.5, 8.15);

INSERT INTO ADMIN.DANGKY (MASV, MAGV, MAHP, HK, NAM, MACT, DIEMTHI, DIEMQT, DIEMCK, DIEMTK) VALUES ('SV0090', 'NV033', 'HP005', 1, '2024', 'CLC', 7, 6.5, 8, 7.1);
INSERT INTO ADMIN.DANGKY (MASV, MAGV, MAHP, HK, NAM, MACT, DIEMTHI, DIEMQT, DIEMCK, DIEMTK) VALUES ('SV0090', 'NV037', 'HP011', 2, '2024', 'CLC', 8.5, 7, 7.5, 7.6);
INSERT INTO ADMIN.DANGKY (MASV, MAGV, MAHP, HK, NAM, MACT, DIEMTHI, DIEMQT, DIEMCK, DIEMTK) VALUES ('SV0090', 'NV045', 'HP007', 2, '2024', 'CLC', 6.5, 7, 6, 6.55);

INSERT INTO ADMIN.DANGKY (MASV, MAGV, MAHP, HK, NAM, MACT, DIEMTHI, DIEMQT, DIEMCK, DIEMTK) VALUES ('SV0094', 'NV033', 'HP005', 1, '2024', 'CLC', 7, 6.5, 8, 7.1);
INSERT INTO ADMIN.DANGKY (MASV, MAGV, MAHP, HK, NAM, MACT, DIEMTHI, DIEMQT, DIEMCK, DIEMTK) VALUES ('SV0094', 'NV037', 'HP011', 2, '2024', 'CLC', 8.5, 7, 7.5, 7.6);
INSERT INTO ADMIN.DANGKY (MASV, MAGV, MAHP, HK, NAM, MACT, DIEMTHI, DIEMQT, DIEMCK, DIEMTK) VALUES ('SV0094', 'NV045', 'HP007', 2, '2024', 'CLC', 6.5, 7, 6, 6.55);

INSERT INTO ADMIN.DANGKY (MASV, MAGV, MAHP, HK, NAM, MACT, DIEMTHI, DIEMQT, DIEMCK, DIEMTK) VALUES ('SV0098', 'NV033', 'HP005', 1, '2024', 'CLC', 6, 7.5, 7, 6.9);
INSERT INTO ADMIN.DANGKY (MASV, MAGV, MAHP, HK, NAM, MACT, DIEMTHI, DIEMQT, DIEMCK, DIEMTK) VALUES ('SV0098', 'NV037', 'HP011', 2, '2024', 'CLC', 8.5, 7, 7.5, 7.6);
INSERT INTO ADMIN.DANGKY (MASV, MAGV, MAHP, HK, NAM, MACT, DIEMTHI, DIEMQT, DIEMCK, DIEMTK) VALUES ('SV0098', 'NV045', 'HP007', 2, '2024', 'CLC', 9, 8, 7.5, 8.15);

--CTTT
INSERT INTO ADMIN.DANGKY (MASV, MAGV, MAHP, HK, NAM, MACT, DIEMTHI, DIEMQT, DIEMCK, DIEMTK) VALUES ('SV0003', 'NV030', 'HP003', 1, '2024', 'CTTT', 6, 7.5, 7, 6.9);
INSERT INTO ADMIN.DANGKY (MASV, MAGV, MAHP, HK, NAM, MACT, DIEMTHI, DIEMQT, DIEMCK, DIEMTK) VALUES ('SV0003', 'NV034', 'HP005', 1, '2024', 'CTTT', 8.5, 7, 7.5, 7.6);
INSERT INTO ADMIN.DANGKY (MASV, MAGV, MAHP, HK, NAM, MACT, DIEMTHI, DIEMQT, DIEMCK, DIEMTK) VALUES ('SV0003', 'NV038', 'HP011', 2, '2024', 'CTTT', 9, 8, 7.5, 8.15);

INSERT INTO ADMIN.DANGKY (MASV, MAGV, MAHP, HK, NAM, MACT, DIEMTHI, DIEMQT, DIEMCK, DIEMTK) VALUES ('SV0007', 'NV030', 'HP003', 1, '2024', 'CTTT', 6.5, 6, 7, 6.45);
INSERT INTO ADMIN.DANGKY (MASV, MAGV, MAHP, HK, NAM, MACT, DIEMTHI, DIEMQT, DIEMCK, DIEMTK) VALUES ('SV0007', 'NV034', 'HP005', 1, '2024', 'CTTT', 8, 8, 8, 8);
INSERT INTO ADMIN.DANGKY (MASV, MAGV, MAHP, HK, NAM, MACT, DIEMTHI, DIEMQT, DIEMCK, DIEMTK) VALUES ('SV0007', 'NV038', 'HP011', 2, '2024', 'CTTT', 7.5, 7.5, 7.5, 7.5);

INSERT INTO ADMIN.DANGKY (MASV, MAGV, MAHP, HK, NAM, MACT, DIEMTHI, DIEMQT, DIEMCK, DIEMTK) VALUES ('SV0011', 'NV030', 'HP003', 1, '2024', 'CTTT', 8.5, 7, 7.5, 7.6);
INSERT INTO ADMIN.DANGKY (MASV, MAGV, MAHP, HK, NAM, MACT, DIEMTHI, DIEMQT, DIEMCK, DIEMTK) VALUES ('SV0011', 'NV034', 'HP005', 1, '2024', 'CTTT', 6.5, 7, 6, 6.55);
INSERT INTO ADMIN.DANGKY (MASV, MAGV, MAHP, HK, NAM, MACT, DIEMTHI, DIEMQT, DIEMCK, DIEMTK) VALUES ('SV0011', 'NV038', 'HP011', 2, '2024', 'CTTT', 8, 6.5, 7, 7.1);

INSERT INTO ADMIN.DANGKY (MASV, MAGV, MAHP, HK, NAM, MACT, DIEMTHI, DIEMQT, DIEMCK, DIEMTK) VALUES ('SV0015', 'NV030', 'HP003', 1, '2024', 'CTTT', 7.5, 6, 6.5, 6.6);
INSERT INTO ADMIN.DANGKY (MASV, MAGV, MAHP, HK, NAM, MACT, DIEMTHI, DIEMQT, DIEMCK, DIEMTK) VALUES ('SV0015', 'NV034', 'HP005', 1, '2024', 'CTTT', 6, 7.5, 7, 6.9);
INSERT INTO ADMIN.DANGKY (MASV, MAGV, MAHP, HK, NAM, MACT, DIEMTHI, DIEMQT, DIEMCK, DIEMTK) VALUES ('SV0015', 'NV038', 'HP011', 2, '2024', 'CTTT', 9, 8.5, 9.5, 8.95);

INSERT INTO ADMIN.DANGKY (MASV, MAGV, MAHP, HK, NAM, MACT, DIEMTHI, DIEMQT, DIEMCK, DIEMTK) VALUES ('SV0019', 'NV030', 'HP003', 1, '2024', 'CTTT', 7, 6.5, 8, 7.1);
INSERT INTO ADMIN.DANGKY (MASV, MAGV, MAHP, HK, NAM, MACT, DIEMTHI, DIEMQT, DIEMCK, DIEMTK) VALUES ('SV0019', 'NV034', 'HP005', 1, '2024', 'CTTT', 8.5, 7, 7.5, 7.6);
INSERT INTO ADMIN.DANGKY (MASV, MAGV, MAHP, HK, NAM, MACT, DIEMTHI, DIEMQT, DIEMCK, DIEMTK) VALUES ('SV0019', 'NV038', 'HP011', 2, '2024', 'CTTT', 9.5, 8, 8, 8.45);

INSERT INTO ADMIN.DANGKY (MASV, MAGV, MAHP, HK, NAM, MACT, DIEMTHI, DIEMQT, DIEMCK, DIEMTK) VALUES ('SV0023', 'NV030', 'HP003', 1, '2024', 'CTTT', 6, 7.5, 7, 6.9);
INSERT INTO ADMIN.DANGKY (MASV, MAGV, MAHP, HK, NAM, MACT, DIEMTHI, DIEMQT, DIEMCK, DIEMTK) VALUES ('SV0023', 'NV034', 'HP005', 1, '2024', 'CTTT', 8.5, 7, 7.5, 7.6);
INSERT INTO ADMIN.DANGKY (MASV, MAGV, MAHP, HK, NAM, MACT, DIEMTHI, DIEMQT, DIEMCK, DIEMTK) VALUES ('SV0023', 'NV038', 'HP011', 2, '2024', 'CTTT', 9, 8, 7.5, 8.15);

INSERT INTO ADMIN.DANGKY (MASV, MAGV, MAHP, HK, NAM, MACT, DIEMTHI, DIEMQT, DIEMCK, DIEMTK) VALUES ('SV0027', 'NV030', 'HP003', 1, '2024', 'CTTT', 6.5, 6, 7, 6.45);
INSERT INTO ADMIN.DANGKY (MASV, MAGV, MAHP, HK, NAM, MACT, DIEMTHI, DIEMQT, DIEMCK, DIEMTK) VALUES ('SV0027', 'NV034', 'HP005', 1, '2024', 'CTTT', 8, 8, 8, 8);
INSERT INTO ADMIN.DANGKY (MASV, MAGV, MAHP, HK, NAM, MACT, DIEMTHI, DIEMQT, DIEMCK, DIEMTK) VALUES ('SV0027', 'NV038', 'HP011', 2, '2024', 'CTTT', 7.5, 7.5, 7.5, 7.5);

INSERT INTO ADMIN.DANGKY (MASV, MAGV, MAHP, HK, NAM, MACT, DIEMTHI, DIEMQT, DIEMCK, DIEMTK) VALUES ('SV0031', 'NV030', 'HP003', 1, '2024', 'CTTT', 8.5, 7, 7.5, 7.6);
INSERT INTO ADMIN.DANGKY (MASV, MAGV, MAHP, HK, NAM, MACT, DIEMTHI, DIEMQT, DIEMCK, DIEMTK) VALUES ('SV0031', 'NV034', 'HP005', 1, '2024', 'CTTT', 6.5, 7, 6, 6.55);
INSERT INTO ADMIN.DANGKY (MASV, MAGV, MAHP, HK, NAM, MACT, DIEMTHI, DIEMQT, DIEMCK, DIEMTK) VALUES ('SV0031', 'NV038', 'HP011', 2, '2024', 'CTTT', 8, 6.5, 7, 7.1);

INSERT INTO ADMIN.DANGKY (MASV, MAGV, MAHP, HK, NAM, MACT, DIEMTHI, DIEMQT, DIEMCK, DIEMTK) VALUES ('SV0035', 'NV030', 'HP003', 1, '2024', 'CTTT', 7.5, 6, 6.5, 6.6);
INSERT INTO ADMIN.DANGKY (MASV, MAGV, MAHP, HK, NAM, MACT, DIEMTHI, DIEMQT, DIEMCK, DIEMTK) VALUES ('SV0035', 'NV034', 'HP005', 1, '2024', 'CTTT', 6, 7.5, 7, 6.9);
INSERT INTO ADMIN.DANGKY (MASV, MAGV, MAHP, HK, NAM, MACT, DIEMTHI, DIEMQT, DIEMCK, DIEMTK) VALUES ('SV0035', 'NV038', 'HP011', 2, '2024', 'CTTT', 9, 8.5, 9.5, 8.95);

INSERT INTO ADMIN.DANGKY (MASV, MAGV, MAHP, HK, NAM, MACT, DIEMTHI, DIEMQT, DIEMCK, DIEMTK) VALUES ('SV0039', 'NV030', 'HP003', 1, '2024', 'CTTT', 7, 6.5, 8, 7.1);
INSERT INTO ADMIN.DANGKY (MASV, MAGV, MAHP, HK, NAM, MACT, DIEMTHI, DIEMQT, DIEMCK, DIEMTK) VALUES ('SV0039', 'NV034', 'HP005', 1, '2024', 'CTTT', 8.5, 7, 7.5, 7.6);
INSERT INTO ADMIN.DANGKY (MASV, MAGV, MAHP, HK, NAM, MACT, DIEMTHI, DIEMQT, DIEMCK, DIEMTK) VALUES ('SV0039', 'NV038', 'HP011', 2, '2024', 'CTTT', 9.5, 8, 8, 8.45);


INSERT INTO ADMIN.DANGKY (MASV, MAGV, MAHP, HK, NAM, MACT, DIEMTHI, DIEMQT, DIEMCK, DIEMTK) VALUES ('SV0043', 'NV030', 'HP003', 1, '2024', 'CTTT', 6, 7.5, 7, 6.9);
INSERT INTO ADMIN.DANGKY (MASV, MAGV, MAHP, HK, NAM, MACT, DIEMTHI, DIEMQT, DIEMCK, DIEMTK) VALUES ('SV0043', 'NV034', 'HP005', 1, '2024', 'CTTT', 8.5, 7, 7.5, 7.6);
INSERT INTO ADMIN.DANGKY (MASV, MAGV, MAHP, HK, NAM, MACT, DIEMTHI, DIEMQT, DIEMCK, DIEMTK) VALUES ('SV0043', 'NV038', 'HP011', 2, '2024', 'CTTT', 9, 8, 7.5, 8.15);

INSERT INTO ADMIN.DANGKY (MASV, MAGV, MAHP, HK, NAM, MACT, DIEMTHI, DIEMQT, DIEMCK, DIEMTK) VALUES ('SV0047', 'NV030', 'HP003', 1, '2024', 'CTTT', 6.5, 6, 7, 6.45);
INSERT INTO ADMIN.DANGKY (MASV, MAGV, MAHP, HK, NAM, MACT, DIEMTHI, DIEMQT, DIEMCK, DIEMTK) VALUES ('SV0047', 'NV034', 'HP005', 1, '2024', 'CTTT', 8, 8, 8, 8);
INSERT INTO ADMIN.DANGKY (MASV, MAGV, MAHP, HK, NAM, MACT, DIEMTHI, DIEMQT, DIEMCK, DIEMTK) VALUES ('SV0047', 'NV038', 'HP011', 2, '2024', 'CTTT', 7.5, 7.5, 7.5, 7.5);

INSERT INTO ADMIN.DANGKY (MASV, MAGV, MAHP, HK, NAM, MACT, DIEMTHI, DIEMQT, DIEMCK, DIEMTK) VALUES ('SV0051', 'NV030', 'HP003', 1, '2024', 'CTTT', 8.5, 7, 7.5, 7.6);
INSERT INTO ADMIN.DANGKY (MASV, MAGV, MAHP, HK, NAM, MACT, DIEMTHI, DIEMQT, DIEMCK, DIEMTK) VALUES ('SV0051', 'NV034', 'HP005', 1, '2024', 'CTTT', 6.5, 7, 6, 6.55);
INSERT INTO ADMIN.DANGKY (MASV, MAGV, MAHP, HK, NAM, MACT, DIEMTHI, DIEMQT, DIEMCK, DIEMTK) VALUES ('SV0051', 'NV038', 'HP011', 2, '2024', 'CTTT', 8, 6.5, 7, 7.1);

INSERT INTO ADMIN.DANGKY (MASV, MAGV, MAHP, HK, NAM, MACT, DIEMTHI, DIEMQT, DIEMCK, DIEMTK) VALUES ('SV0055', 'NV030', 'HP003', 1, '2024', 'CTTT', 7.5, 6, 6.5, 6.6);
INSERT INTO ADMIN.DANGKY (MASV, MAGV, MAHP, HK, NAM, MACT, DIEMTHI, DIEMQT, DIEMCK, DIEMTK) VALUES ('SV0055', 'NV034', 'HP005', 1, '2024', 'CTTT', 6, 7.5, 7, 6.9);
INSERT INTO ADMIN.DANGKY (MASV, MAGV, MAHP, HK, NAM, MACT, DIEMTHI, DIEMQT, DIEMCK, DIEMTK) VALUES ('SV0055', 'NV038', 'HP011', 2, '2024', 'CTTT', 9, 8.5, 9.5, 8.95);

INSERT INTO ADMIN.DANGKY (MASV, MAGV, MAHP, HK, NAM, MACT, DIEMTHI, DIEMQT, DIEMCK, DIEMTK) VALUES ('SV0059', 'NV030', 'HP003', 1, '2024', 'CTTT', 7, 6.5, 8, 7.1);
INSERT INTO ADMIN.DANGKY (MASV, MAGV, MAHP, HK, NAM, MACT, DIEMTHI, DIEMQT, DIEMCK, DIEMTK) VALUES ('SV0059', 'NV034', 'HP005', 1, '2024', 'CTTT', 8.5, 7, 7.5, 7.6);
INSERT INTO ADMIN.DANGKY (MASV, MAGV, MAHP, HK, NAM, MACT, DIEMTHI, DIEMQT, DIEMCK, DIEMTK) VALUES ('SV0059', 'NV038', 'HP011', 2, '2024', 'CTTT', 9.5, 8, 8, 8.45);

INSERT INTO ADMIN.DANGKY (MASV, MAGV, MAHP, HK, NAM, MACT, DIEMTHI, DIEMQT, DIEMCK, DIEMTK) VALUES ('SV0063', 'NV030', 'HP003', 1, '2024', 'CTTT', 6, 7.5, 7, 6.9);
INSERT INTO ADMIN.DANGKY (MASV, MAGV, MAHP, HK, NAM, MACT, DIEMTHI, DIEMQT, DIEMCK, DIEMTK) VALUES ('SV0063', 'NV034', 'HP005', 1, '2024', 'CTTT', 8.5, 7, 7.5, 7.6);
INSERT INTO ADMIN.DANGKY (MASV, MAGV, MAHP, HK, NAM, MACT, DIEMTHI, DIEMQT, DIEMCK, DIEMTK) VALUES ('SV0063', 'NV038', 'HP011', 2, '2024', 'CTTT', 9, 8, 7.5, 8.15);

INSERT INTO ADMIN.DANGKY (MASV, MAGV, MAHP, HK, NAM, MACT, DIEMTHI, DIEMQT, DIEMCK, DIEMTK) VALUES ('SV0067', 'NV030', 'HP003', 1, '2024', 'CTTT', 6, 7.5, 7, 6.9);
INSERT INTO ADMIN.DANGKY (MASV, MAGV, MAHP, HK, NAM, MACT, DIEMTHI, DIEMQT, DIEMCK, DIEMTK) VALUES ('SV0067', 'NV034', 'HP005', 1, '2024', 'CTTT', 8.5, 7, 7.5, 7.6);
INSERT INTO ADMIN.DANGKY (MASV, MAGV, MAHP, HK, NAM, MACT, DIEMTHI, DIEMQT, DIEMCK, DIEMTK) VALUES ('SV0067', 'NV038', 'HP011', 2, '2024', 'CTTT', 9, 8, 7.5, 8.15);


INSERT INTO ADMIN.DANGKY (MASV, MAGV, MAHP, HK, NAM, MACT, DIEMTHI, DIEMQT, DIEMCK, DIEMTK) VALUES ('SV0071', 'NV030', 'HP003', 1, '2024', 'CTTT', 7, 6.5, 8, 7.1);
INSERT INTO ADMIN.DANGKY (MASV, MAGV, MAHP, HK, NAM, MACT, DIEMTHI, DIEMQT, DIEMCK, DIEMTK) VALUES ('SV0071', 'NV034', 'HP005', 1, '2024', 'CTTT', 8.5, 7, 7.5, 7.6);
INSERT INTO ADMIN.DANGKY (MASV, MAGV, MAHP, HK, NAM, MACT, DIEMTHI, DIEMQT, DIEMCK, DIEMTK) VALUES ('SV0071', 'NV038', 'HP011', 2, '2024', 'CTTT', 9.5, 8, 8, 8.45);


INSERT INTO ADMIN.DANGKY (MASV, MAGV, MAHP, HK, NAM, MACT, DIEMTHI, DIEMQT, DIEMCK, DIEMTK) VALUES ('SV0075', 'NV030', 'HP003', 1, '2024', 'CTTT', 6.5, 6, 7, 6.45);
INSERT INTO ADMIN.DANGKY (MASV, MAGV, MAHP, HK, NAM, MACT, DIEMTHI, DIEMQT, DIEMCK, DIEMTK) VALUES ('SV0075', 'NV034', 'HP005', 1, '2024', 'CTTT', 8, 8, 8, 8);
INSERT INTO ADMIN.DANGKY (MASV, MAGV, MAHP, HK, NAM, MACT, DIEMTHI, DIEMQT, DIEMCK, DIEMTK) VALUES ('SV0075', 'NV038', 'HP011', 2, '2024', 'CTTT', 7.5, 7.5, 7.5, 7.5);

INSERT INTO ADMIN.DANGKY (MASV, MAGV, MAHP, HK, NAM, MACT, DIEMTHI, DIEMQT, DIEMCK, DIEMTK) VALUES ('SV0079', 'NV030', 'HP003', 1, '2024', 'CTTT', 7.5, 6, 6.5, 6.6);
INSERT INTO ADMIN.DANGKY (MASV, MAGV, MAHP, HK, NAM, MACT, DIEMTHI, DIEMQT, DIEMCK, DIEMTK) VALUES ('SV0079', 'NV034', 'HP005', 1, '2024', 'CTTT', 6, 7.5, 7, 6.9);
INSERT INTO ADMIN.DANGKY (MASV, MAGV, MAHP, HK, NAM, MACT, DIEMTHI, DIEMQT, DIEMCK, DIEMTK) VALUES ('SV0079', 'NV038', 'HP011', 2, '2024', 'CTTT', 9, 8.5, 9.5, 8.95);

INSERT INTO ADMIN.DANGKY (MASV, MAGV, MAHP, HK, NAM, MACT, DIEMTHI, DIEMQT, DIEMCK, DIEMTK) VALUES ('SV0083', 'NV030', 'HP003', 1, '2024', 'CTTT', 8.5, 7, 7.5, 7.6);
INSERT INTO ADMIN.DANGKY (MASV, MAGV, MAHP, HK, NAM, MACT, DIEMTHI, DIEMQT, DIEMCK, DIEMTK) VALUES ('SV0083', 'NV034', 'HP005', 1, '2024', 'CTTT', 6.5, 7, 6, 6.55);
INSERT INTO ADMIN.DANGKY (MASV, MAGV, MAHP, HK, NAM, MACT, DIEMTHI, DIEMQT, DIEMCK, DIEMTK) VALUES ('SV0083', 'NV038', 'HP011', 2, '2024', 'CTTT', 8, 6.5, 7, 7.1);

INSERT INTO ADMIN.DANGKY (MASV, MAGV, MAHP, HK, NAM, MACT, DIEMTHI, DIEMQT, DIEMCK, DIEMTK) VALUES ('SV0087', 'NV030', 'HP003', 1, '2024', 'CTTT', 7.5, 6, 6.5, 6.6);
INSERT INTO ADMIN.DANGKY (MASV, MAGV, MAHP, HK, NAM, MACT, DIEMTHI, DIEMQT, DIEMCK, DIEMTK) VALUES ('SV0087', 'NV034', 'HP005', 1, '2024', 'CTTT', 6, 7.5, 7, 6.9);
INSERT INTO ADMIN.DANGKY (MASV, MAGV, MAHP, HK, NAM, MACT, DIEMTHI, DIEMQT, DIEMCK, DIEMTK) VALUES ('SV0087', 'NV038', 'HP011', 2, '2024', 'CTTT', 9, 8.5, 9.5, 8.95);

INSERT INTO ADMIN.DANGKY (MASV, MAGV, MAHP, HK, NAM, MACT, DIEMTHI, DIEMQT, DIEMCK, DIEMTK) VALUES ('SV0091', 'NV030', 'HP003', 1, '2024', 'CTTT', 7.5, 6, 6.5, 6.6);
INSERT INTO ADMIN.DANGKY (MASV, MAGV, MAHP, HK, NAM, MACT, DIEMTHI, DIEMQT, DIEMCK, DIEMTK) VALUES ('SV0091', 'NV034', 'HP005', 1, '2024', 'CTTT', 6, 7.5, 7, 6.9);
INSERT INTO ADMIN.DANGKY (MASV, MAGV, MAHP, HK, NAM, MACT, DIEMTHI, DIEMQT, DIEMCK, DIEMTK) VALUES ('SV0091', 'NV038', 'HP011', 2, '2024', 'CTTT', 9, 8.5, 9.5, 8.95);


INSERT INTO ADMIN.DANGKY (MASV, MAGV, MAHP, HK, NAM, MACT, DIEMTHI, DIEMQT, DIEMCK, DIEMTK) VALUES ('SV0095', 'NV030', 'HP003', 1, '2024', 'CTTT', 7, 6.5, 8, 7.1);
INSERT INTO ADMIN.DANGKY (MASV, MAGV, MAHP, HK, NAM, MACT, DIEMTHI, DIEMQT, DIEMCK, DIEMTK) VALUES ('SV0095', 'NV034', 'HP005', 1, '2024', 'CTTT', 8.5, 7, 7.5, 7.6);
INSERT INTO ADMIN.DANGKY (MASV, MAGV, MAHP, HK, NAM, MACT, DIEMTHI, DIEMQT, DIEMCK, DIEMTK) VALUES ('SV0095', 'NV038', 'HP011', 2, '2024', 'CTTT', 9.5, 8, 8, 8.45);


INSERT INTO ADMIN.DANGKY (MASV, MAGV, MAHP, HK, NAM, MACT, DIEMTHI, DIEMQT, DIEMCK, DIEMTK) VALUES ('SV0099', 'NV030', 'HP003', 1, '2024', 'CTTT', 7, 6.5, 8, 7.1);
INSERT INTO ADMIN.DANGKY (MASV, MAGV, MAHP, HK, NAM, MACT, DIEMTHI, DIEMQT, DIEMCK, DIEMTK) VALUES ('SV0099', 'NV034', 'HP005', 1, '2024', 'CTTT', 8.5, 7, 7.5, 7.6);
INSERT INTO ADMIN.DANGKY (MASV, MAGV, MAHP, HK, NAM, MACT, DIEMTHI, DIEMQT, DIEMCK, DIEMTK) VALUES ('SV0099', 'NV038', 'HP011', 2, '2024', 'CTTT', 9.5, 8, 8, 8.45);

--VP
INSERT INTO ADMIN.DANGKY (MASV, MAGV, MAHP, HK, NAM, MACT, DIEMTHI, DIEMQT, DIEMCK, DIEMTK) VALUES ('SV0004', 'NV035', 'HP005', 1, '2024', 'VP', 7, 6.5, 8, 7.1);
INSERT INTO ADMIN.DANGKY (MASV, MAGV, MAHP, HK, NAM, MACT, DIEMTHI, DIEMQT, DIEMCK, DIEMTK) VALUES ('SV0004', 'NV039', 'HP011', 2, '2024', 'VP', 8.5, 7, 7.5, 7.6);
INSERT INTO ADMIN.DANGKY (MASV, MAGV, MAHP, HK, NAM, MACT, DIEMTHI, DIEMQT, DIEMCK, DIEMTK) VALUES ('SV0004', 'NV047', 'HP007', 2, '2024', 'VP', 9.5, 8, 8, 8.45);

INSERT INTO ADMIN.DANGKY (MASV, MAGV, MAHP, HK, NAM, MACT, DIEMTHI, DIEMQT, DIEMCK, DIEMTK) VALUES ('SV0008', 'NV035', 'HP005', 1, '2024', 'VP', 8, 6.5, 7, 7.1);
INSERT INTO ADMIN.DANGKY (MASV, MAGV, MAHP, HK, NAM, MACT, DIEMTHI, DIEMQT, DIEMCK, DIEMTK) VALUES ('SV0008', 'NV039', 'HP011', 2, '2024', 'VP', 9.5, 8, 8, 8.45);
INSERT INTO ADMIN.DANGKY (MASV, MAGV, MAHP, HK, NAM, MACT, DIEMTHI, DIEMQT, DIEMCK, DIEMTK) VALUES ('SV0008', 'NV047', 'HP007', 2, '2024', 'VP', 6.5, 6, 7, 6.45);

INSERT INTO ADMIN.DANGKY (MASV, MAGV, MAHP, HK, NAM, MACT, DIEMTHI, DIEMQT, DIEMCK, DIEMTK) VALUES ('SV0012', 'NV035', 'HP005', 1, '2024', 'VP', 7, 7, 7, 7);
INSERT INTO ADMIN.DANGKY (MASV, MAGV, MAHP, HK, NAM, MACT, DIEMTHI, DIEMQT, DIEMCK, DIEMTK) VALUES ('SV0012', 'NV039', 'HP011', 2, '2024', 'VP', 8, 7, 8.5, 7.75);
INSERT INTO ADMIN.DANGKY (MASV, MAGV, MAHP, HK, NAM, MACT, DIEMTHI, DIEMQT, DIEMCK, DIEMTK) VALUES ('SV0012', 'NV047', 'HP007', 2, '2024', 'VP', 9, 8, 7.5, 8.15);

INSERT INTO ADMIN.DANGKY (MASV, MAGV, MAHP, HK, NAM, MACT, DIEMTHI, DIEMQT, DIEMCK, DIEMTK) VALUES ('SV0016', 'NV035', 'HP005', 1, '2024', 'VP', 9, 9, 9, 9);
INSERT INTO ADMIN.DANGKY (MASV, MAGV, MAHP, HK, NAM, MACT, DIEMTHI, DIEMQT, DIEMCK, DIEMTK) VALUES ('SV0016', 'NV039', 'HP011', 2, '2024', 'VP', 9.5, 8, 8, 8.45);
INSERT INTO ADMIN.DANGKY (MASV, MAGV, MAHP, HK, NAM, MACT, DIEMTHI, DIEMQT, DIEMCK, DIEMTK) VALUES ('SV0016', 'NV047', 'HP007', 2, '2024', 'VP', 7.5, 7.5, 7.5, 7.5);

INSERT INTO ADMIN.DANGKY (MASV, MAGV, MAHP, HK, NAM, MACT, DIEMTHI, DIEMQT, DIEMCK, DIEMTK) VALUES ('SV0020', 'NV035', 'HP005', 1, '2024', 'VP', 8, 6.5, 7, 7.1);
INSERT INTO ADMIN.DANGKY (MASV, MAGV, MAHP, HK, NAM, MACT, DIEMTHI, DIEMQT, DIEMCK, DIEMTK) VALUES ('SV0020', 'NV039', 'HP011', 2, '2024', 'VP', 8, 8, 8, 8);
INSERT INTO ADMIN.DANGKY (MASV, MAGV, MAHP, HK, NAM, MACT, DIEMTHI, DIEMQT, DIEMCK, DIEMTK) VALUES ('SV0020', 'NV047', 'HP007', 2, '2024', 'VP', 6, 7.5, 7, 6.9);

INSERT INTO ADMIN.DANGKY (MASV, MAGV, MAHP, HK, NAM, MACT, DIEMTHI, DIEMQT, DIEMCK, DIEMTK) VALUES ('SV0024', 'NV035', 'HP005', 1, '2024', 'VP', 7, 6.5, 8, 7.1);
INSERT INTO ADMIN.DANGKY (MASV, MAGV, MAHP, HK, NAM, MACT, DIEMTHI, DIEMQT, DIEMCK, DIEMTK) VALUES ('SV0024', 'NV039', 'HP011', 2, '2024', 'VP', 8.5, 7, 7.5, 7.6);
INSERT INTO ADMIN.DANGKY (MASV, MAGV, MAHP, HK, NAM, MACT, DIEMTHI, DIEMQT, DIEMCK, DIEMTK) VALUES ('SV0024', 'NV047', 'HP007', 2, '2024', 'VP', 9.5, 8, 8, 8.45);

INSERT INTO ADMIN.DANGKY (MASV, MAGV, MAHP, HK, NAM, MACT, DIEMTHI, DIEMQT, DIEMCK, DIEMTK) VALUES ('SV0028', 'NV035', 'HP005', 1, '2024', 'VP', 8, 6.5, 7, 7.1);
INSERT INTO ADMIN.DANGKY (MASV, MAGV, MAHP, HK, NAM, MACT, DIEMTHI, DIEMQT, DIEMCK, DIEMTK) VALUES ('SV0028', 'NV039', 'HP011', 2, '2024', 'VP', 9.5, 8, 8, 8.45);
INSERT INTO ADMIN.DANGKY (MASV, MAGV, MAHP, HK, NAM, MACT, DIEMTHI, DIEMQT, DIEMCK, DIEMTK) VALUES ('SV0028', 'NV047', 'HP007', 2, '2024', 'VP', 6.5, 6, 7, 6.45);

INSERT INTO ADMIN.DANGKY (MASV, MAGV, MAHP, HK, NAM, MACT, DIEMTHI, DIEMQT, DIEMCK, DIEMTK) VALUES ('SV0032', 'NV035', 'HP005', 1, '2024', 'VP', 7, 7, 7, 7);
INSERT INTO ADMIN.DANGKY (MASV, MAGV, MAHP, HK, NAM, MACT, DIEMTHI, DIEMQT, DIEMCK, DIEMTK) VALUES ('SV0032', 'NV039', 'HP011', 2, '2024', 'VP', 8, 7, 8.5, 7.75);
INSERT INTO ADMIN.DANGKY (MASV, MAGV, MAHP, HK, NAM, MACT, DIEMTHI, DIEMQT, DIEMCK, DIEMTK) VALUES ('SV0032', 'NV047', 'HP007', 2, '2024', 'VP', 9, 8, 7.5, 8.15);

INSERT INTO ADMIN.DANGKY (MASV, MAGV, MAHP, HK, NAM, MACT, DIEMTHI, DIEMQT, DIEMCK, DIEMTK) VALUES ('SV0036', 'NV035', 'HP005', 1, '2024', 'VP', 9, 9, 9, 9);
INSERT INTO ADMIN.DANGKY (MASV, MAGV, MAHP, HK, NAM, MACT, DIEMTHI, DIEMQT, DIEMCK, DIEMTK) VALUES ('SV0036', 'NV039', 'HP011', 2, '2024', 'VP', 9.5, 8, 8, 8.45);
INSERT INTO ADMIN.DANGKY (MASV, MAGV, MAHP, HK, NAM, MACT, DIEMTHI, DIEMQT, DIEMCK, DIEMTK) VALUES ('SV0036', 'NV047', 'HP007', 2, '2024', 'VP', 7.5, 7.5, 7.5, 7.5);


INSERT INTO ADMIN.DANGKY (MASV, MAGV, MAHP, HK, NAM, MACT, DIEMTHI, DIEMQT, DIEMCK, DIEMTK) VALUES ('SV0040', 'NV035', 'HP005', 1, '2024', 'VP', 8, 6.5, 7, 7.1);
INSERT INTO ADMIN.DANGKY (MASV, MAGV, MAHP, HK, NAM, MACT, DIEMTHI, DIEMQT, DIEMCK, DIEMTK) VALUES ('SV0040', 'NV039', 'HP011', 2, '2024', 'VP', 8, 8, 8, 8);
INSERT INTO ADMIN.DANGKY (MASV, MAGV, MAHP, HK, NAM, MACT, DIEMTHI, DIEMQT, DIEMCK, DIEMTK) VALUES ('SV0040', 'NV047', 'HP007', 2, '2024', 'VP', 6, 7.5, 7, 6.9);

INSERT INTO ADMIN.DANGKY (MASV, MAGV, MAHP, HK, NAM, MACT, DIEMTHI, DIEMQT, DIEMCK, DIEMTK) VALUES ('SV0044', 'NV035', 'HP005', 1, '2024', 'VP', 9, 9, 9, 9);
INSERT INTO ADMIN.DANGKY (MASV, MAGV, MAHP, HK, NAM, MACT, DIEMTHI, DIEMQT, DIEMCK, DIEMTK) VALUES ('SV0044', 'NV039', 'HP011', 2, '2024', 'VP', 9.5, 8, 8, 8.45);
INSERT INTO ADMIN.DANGKY (MASV, MAGV, MAHP, HK, NAM, MACT, DIEMTHI, DIEMQT, DIEMCK, DIEMTK) VALUES ('SV0044', 'NV047', 'HP007', 2, '2024', 'VP', 7.5, 7.5, 7.5, 7.5);

INSERT INTO ADMIN.DANGKY (MASV, MAGV, MAHP, HK, NAM, MACT, DIEMTHI, DIEMQT, DIEMCK, DIEMTK) VALUES ('SV0048', 'NV035', 'HP005', 1, '2024', 'VP', 7, 6.5, 8, 7.1);
INSERT INTO ADMIN.DANGKY (MASV, MAGV, MAHP, HK, NAM, MACT, DIEMTHI, DIEMQT, DIEMCK, DIEMTK) VALUES ('SV0048', 'NV039', 'HP011', 2, '2024', 'VP', 8.5, 7, 7.5, 7.6);
INSERT INTO ADMIN.DANGKY (MASV, MAGV, MAHP, HK, NAM, MACT, DIEMTHI, DIEMQT, DIEMCK, DIEMTK) VALUES ('SV0048', 'NV047', 'HP007', 2, '2024', 'VP', 9.5, 8, 8, 8.45);

INSERT INTO ADMIN.DANGKY (MASV, MAGV, MAHP, HK, NAM, MACT, DIEMTHI, DIEMQT, DIEMCK, DIEMTK) VALUES ('SV0052', 'NV035', 'HP005', 1, '2024', 'VP', 8, 6.5, 7, 7.1);
INSERT INTO ADMIN.DANGKY (MASV, MAGV, MAHP, HK, NAM, MACT, DIEMTHI, DIEMQT, DIEMCK, DIEMTK) VALUES ('SV0052', 'NV039', 'HP011', 2, '2024', 'VP', 9.5, 8, 8, 8.45);
INSERT INTO ADMIN.DANGKY (MASV, MAGV, MAHP, HK, NAM, MACT, DIEMTHI, DIEMQT, DIEMCK, DIEMTK) VALUES ('SV0052', 'NV047', 'HP007', 2, '2024', 'VP', 6.5, 6, 7, 6.45);

INSERT INTO ADMIN.DANGKY (MASV, MAGV, MAHP, HK, NAM, MACT, DIEMTHI, DIEMQT, DIEMCK, DIEMTK) VALUES ('SV0056', 'NV035', 'HP005', 1, '2024', 'VP', 7, 6.5, 8, 7.1);
INSERT INTO ADMIN.DANGKY (MASV, MAGV, MAHP, HK, NAM, MACT, DIEMTHI, DIEMQT, DIEMCK, DIEMTK) VALUES ('SV0056', 'NV039', 'HP011', 2, '2024', 'VP', 8.5, 7, 7.5, 7.6);
INSERT INTO ADMIN.DANGKY (MASV, MAGV, MAHP, HK, NAM, MACT, DIEMTHI, DIEMQT, DIEMCK, DIEMTK) VALUES ('SV0056', 'NV047', 'HP007', 2, '2024', 'VP', 9.5, 8, 8, 8.45);

INSERT INTO ADMIN.DANGKY (MASV, MAGV, MAHP, HK, NAM, MACT, DIEMTHI, DIEMQT, DIEMCK, DIEMTK) VALUES ('SV0060', 'NV035', 'HP005', 1, '2024', 'VP', 8, 6.5, 7, 7.1);
INSERT INTO ADMIN.DANGKY (MASV, MAGV, MAHP, HK, NAM, MACT, DIEMTHI, DIEMQT, DIEMCK, DIEMTK) VALUES ('SV0060', 'NV039', 'HP011', 2, '2024', 'VP', 8, 8, 8, 8);
INSERT INTO ADMIN.DANGKY (MASV, MAGV, MAHP, HK, NAM, MACT, DIEMTHI, DIEMQT, DIEMCK, DIEMTK) VALUES ('SV0060', 'NV047', 'HP007', 2, '2024', 'VP', 6, 7.5, 7, 6.9);

INSERT INTO ADMIN.DANGKY (MASV, MAGV, MAHP, HK, NAM, MACT, DIEMTHI, DIEMQT, DIEMCK, DIEMTK) VALUES ('SV0064', 'NV035', 'HP005', 1, '2024', 'VP', 9, 9, 9, 9);
INSERT INTO ADMIN.DANGKY (MASV, MAGV, MAHP, HK, NAM, MACT, DIEMTHI, DIEMQT, DIEMCK, DIEMTK) VALUES ('SV0064', 'NV039', 'HP011', 2, '2024', 'VP', 9.5, 8, 8, 8.45);
INSERT INTO ADMIN.DANGKY (MASV, MAGV, MAHP, HK, NAM, MACT, DIEMTHI, DIEMQT, DIEMCK, DIEMTK) VALUES ('SV0064', 'NV047', 'HP007', 2, '2024', 'VP', 7.5, 7.5, 7.5, 7.5);

INSERT INTO ADMIN.DANGKY (MASV, MAGV, MAHP, HK, NAM, MACT, DIEMTHI, DIEMQT, DIEMCK, DIEMTK) VALUES ('SV0068', 'NV035', 'HP005', 1, '2024', 'VP', 8, 6.5, 7, 7.1);
INSERT INTO ADMIN.DANGKY (MASV, MAGV, MAHP, HK, NAM, MACT, DIEMTHI, DIEMQT, DIEMCK, DIEMTK) VALUES ('SV0068', 'NV039', 'HP011', 2, '2024', 'VP', 9.5, 8, 8, 8.45);
INSERT INTO ADMIN.DANGKY (MASV, MAGV, MAHP, HK, NAM, MACT, DIEMTHI, DIEMQT, DIEMCK, DIEMTK) VALUES ('SV0068', 'NV047', 'HP007', 2, '2024', 'VP', 6.5, 6, 7, 6.45);

INSERT INTO ADMIN.DANGKY (MASV, MAGV, MAHP, HK, NAM, MACT, DIEMTHI, DIEMQT, DIEMCK, DIEMTK) VALUES ('SV0072', 'NV035', 'HP005', 1, '2024', 'VP', 7, 7, 7, 7);
INSERT INTO ADMIN.DANGKY (MASV, MAGV, MAHP, HK, NAM, MACT, DIEMTHI, DIEMQT, DIEMCK, DIEMTK) VALUES ('SV0072', 'NV039', 'HP011', 2, '2024', 'VP', 8, 7, 8.5, 7.75);
INSERT INTO ADMIN.DANGKY (MASV, MAGV, MAHP, HK, NAM, MACT, DIEMTHI, DIEMQT, DIEMCK, DIEMTK) VALUES ('SV0072', 'NV047', 'HP007', 2, '2024', 'VP', 9, 8, 7.5, 8.15);

INSERT INTO ADMIN.DANGKY (MASV, MAGV, MAHP, HK, NAM, MACT, DIEMTHI, DIEMQT, DIEMCK, DIEMTK) VALUES ('SV0076', 'NV035', 'HP005', 1, '2024', 'VP', 9, 9, 9, 9);
INSERT INTO ADMIN.DANGKY (MASV, MAGV, MAHP, HK, NAM, MACT, DIEMTHI, DIEMQT, DIEMCK, DIEMTK) VALUES ('SV0076', 'NV039', 'HP011', 2, '2024', 'VP', 9.5, 8, 8, 8.45);
INSERT INTO ADMIN.DANGKY (MASV, MAGV, MAHP, HK, NAM, MACT, DIEMTHI, DIEMQT, DIEMCK, DIEMTK) VALUES ('SV0076', 'NV047', 'HP007', 2, '2024', 'VP', 7.5, 7.5, 7.5, 7.5);

INSERT INTO ADMIN.DANGKY (MASV, MAGV, MAHP, HK, NAM, MACT, DIEMTHI, DIEMQT, DIEMCK, DIEMTK) VALUES ('SV0080', 'NV035', 'HP005', 1, '2024', 'VP', 8, 6.5, 7, 7.1);
INSERT INTO ADMIN.DANGKY (MASV, MAGV, MAHP, HK, NAM, MACT, DIEMTHI, DIEMQT, DIEMCK, DIEMTK) VALUES ('SV0080', 'NV039', 'HP011', 2, '2024', 'VP', 8, 8, 8, 8);
INSERT INTO ADMIN.DANGKY (MASV, MAGV, MAHP, HK, NAM, MACT, DIEMTHI, DIEMQT, DIEMCK, DIEMTK) VALUES ('SV0080', 'NV047', 'HP007', 2, '2024', 'VP', 6, 7.5, 7, 6.9);

INSERT INTO ADMIN.DANGKY (MASV, MAGV, MAHP, HK, NAM, MACT, DIEMTHI, DIEMQT, DIEMCK, DIEMTK) VALUES ('SV0084', 'NV035', 'HP005', 1, '2024', 'VP', 7, 6.5, 8, 7.1);
INSERT INTO ADMIN.DANGKY (MASV, MAGV, MAHP, HK, NAM, MACT, DIEMTHI, DIEMQT, DIEMCK, DIEMTK) VALUES ('SV0084', 'NV039', 'HP011', 2, '2024', 'VP', 8.5, 7, 7.5, 7.6);
INSERT INTO ADMIN.DANGKY (MASV, MAGV, MAHP, HK, NAM, MACT, DIEMTHI, DIEMQT, DIEMCK, DIEMTK) VALUES ('SV0084', 'NV047', 'HP007', 2, '2024', 'VP', 9.5, 8, 8, 8.45);

INSERT INTO ADMIN.DANGKY (MASV, MAGV, MAHP, HK, NAM, MACT, DIEMTHI, DIEMQT, DIEMCK, DIEMTK) VALUES ('SV0088', 'NV035', 'HP005', 1, '2024', 'VP', 7, 6.5, 8, 7.1);
INSERT INTO ADMIN.DANGKY (MASV, MAGV, MAHP, HK, NAM, MACT, DIEMTHI, DIEMQT, DIEMCK, DIEMTK) VALUES ('SV0088', 'NV039', 'HP011', 2, '2024', 'VP', 8.5, 7, 7.5, 7.6);
INSERT INTO ADMIN.DANGKY (MASV, MAGV, MAHP, HK, NAM, MACT, DIEMTHI, DIEMQT, DIEMCK, DIEMTK) VALUES ('SV0088', 'NV047', 'HP007', 2, '2024', 'VP', 9.5, 8, 8, 8.45);


INSERT INTO ADMIN.DANGKY (MASV, MAGV, MAHP, HK, NAM, MACT, DIEMTHI, DIEMQT, DIEMCK, DIEMTK) VALUES ('SV0092', 'NV035', 'HP005', 1, '2024', 'VP', 7, 7, 7, 7);
INSERT INTO ADMIN.DANGKY (MASV, MAGV, MAHP, HK, NAM, MACT, DIEMTHI, DIEMQT, DIEMCK, DIEMTK) VALUES ('SV0092', 'NV039', 'HP011', 2, '2024', 'VP', 8, 7, 8.5, 7.75);
INSERT INTO ADMIN.DANGKY (MASV, MAGV, MAHP, HK, NAM, MACT, DIEMTHI, DIEMQT, DIEMCK, DIEMTK) VALUES ('SV0092', 'NV047', 'HP007', 2, '2024', 'VP', 9, 8, 7.5, 8.15);

INSERT INTO ADMIN.DANGKY (MASV, MAGV, MAHP, HK, NAM, MACT, DIEMTHI, DIEMQT, DIEMCK, DIEMTK) VALUES ('SV0096', 'NV035', 'HP005', 1, '2024', 'VP', 7, 6.5, 8, 7.1);
INSERT INTO ADMIN.DANGKY (MASV, MAGV, MAHP, HK, NAM, MACT, DIEMTHI, DIEMQT, DIEMCK, DIEMTK) VALUES ('SV0096', 'NV039', 'HP011', 2, '2024', 'VP', 8.5, 7, 7.5, 7.6);
INSERT INTO ADMIN.DANGKY (MASV, MAGV, MAHP, HK, NAM, MACT, DIEMTHI, DIEMQT, DIEMCK, DIEMTK) VALUES ('SV0096', 'NV047', 'HP007', 2, '2024', 'VP', 9.5, 8, 8, 8.45);

INSERT INTO ADMIN.DANGKY (MASV, MAGV, MAHP, HK, NAM, MACT, DIEMTHI, DIEMQT, DIEMCK, DIEMTK) VALUES ('SV0100', 'NV035', 'HP005', 1, '2024', 'VP', 8, 6.5, 7, 7.1);
INSERT INTO ADMIN.DANGKY (MASV, MAGV, MAHP, HK, NAM, MACT, DIEMTHI, DIEMQT, DIEMCK, DIEMTK) VALUES ('SV0100', 'NV039', 'HP011', 2, '2024', 'VP', 8, 8, 8, 8);
INSERT INTO ADMIN.DANGKY (MASV, MAGV, MAHP, HK, NAM, MACT, DIEMTHI, DIEMQT, DIEMCK, DIEMTK) VALUES ('SV0100', 'NV047', 'HP007', 2, '2024', 'VP', 6, 7.5, 7, 6.9);









